Id,Label,modularity_class,stat_inf_class,clustering,triangles,eigencentrality,Eccentricity,closnesscentrality,harmonicclosnesscentrality,betweenesscentrality,componentnumber,pageranks,Authority,Hub
Dalex,Dalex,2,21,0.496732,76,0.413724,7,0.270248,0.309441,592.40414,0,0.003757,0.125077,0.125077
Lenny Tavárez,Lenny Tavárez,2,62,0.390476,82,0.445652,7,0.27529,0.316018,1336.580495,0,0.004091,0.130626,0.130626
Bad Bunny,Bad Bunny,2,0,0.151515,85,0.698516,6,0.33002,0.377736,10903.610868,0,0.00647,0.192715,0.192715
J Balvin,J Balvin,2,116,0.084465,112,1,5,0.369094,0.424749,25838.700465,0,0.009308,0.231459,0.231459
Capital Bra,Capital Bra,1,29,0.218182,12,0.090875,4,0.486111,0.6,266.466667,1,0.004434,0,0
Samra,Samra,1,29,0.533333,8,0.052888,5,0.353535,0.451905,7,1,0.002975,0,0
Nicky Jam,Nicky Jam,2,132,0.251337,141,0.763743,6,0.30389,0.354644,4189.2705,0,0.005086,0.231264,0.231264
Sech,Sech,2,86,0.406926,94,0.518154,6,0.283518,0.322691,762.251833,0,0.004276,0.163864,0.163864
Anuel AA,Anuel AA,2,87,0.23545,89,0.650759,6,0.325012,0.369829,7324.557375,0,0.005515,0.188851,0.188851
Ozuna,Ozuna,2,45,0.204991,115,0.749932,6,0.324694,0.372716,6710.418791,0,0.007277,0.21655,0.21655
Justin Quiles,Justin Quiles,2,102,0.424837,65,0.409051,7,0.276091,0.315039,912.137671,0,0.003233,0.122946,0.122946
Farruko,Farruko,2,1,0.210227,111,0.718902,6,0.312324,0.363303,9632.391376,0,0.005226,0.204787,0.204787
Feid,Feid,2,14,0.742424,49,0.276373,7,0.239884,0.270457,12.53184,0,0.002027,0.089487,0.089487
Travis Scott,Travis Scott,17,130,0.156545,116,0.835896,7,0.345653,0.396475,9938.791379,0,0.008792,0.135064,0.135064
Young Thug,Young Thug,17,90,0.137931,56,0.602923,6,0.332499,0.378665,6550.365095,0,0.004481,0.092687,0.092687
KAROL G,KAROL G,2,13,0.618182,34,0.378039,6,0.313651,0.345557,783.788924,0,0.001487,0.115537,0.115537
Post Malone,Post Malone,17,2,0.164021,62,0.632923,7,0.341388,0.382344,5957.588749,0,0.005668,0.104595,0.104595
Swae Lee,Swae Lee,17,115,0.163399,25,0.373537,6,0.326772,0.361998,3861.621591,0,0.003864,0.058271,0.058271
Dreamville,Dreamville,8,17,0.527473,48,0.177107,8,0.238335,0.263578,973.517364,0,0.002151,0.004781,0.004781
J. Cole,J. Cole,8,17,0.257576,17,0.207971,7,0.276667,0.307964,3847.47178,0,0.002126,0.023008,0.023008
Gunna,Gunna,8,11,0.227273,15,0.248058,7,0.293805,0.324978,1168.401921,0,0.002607,0.037865,0.037865
Camilo,Camilo,10,12,0.333333,2,0.053407,7,0.224097,0.242861,10.611722,0,0.0011,0.011523,0.011523
Mau y Ricky,Mau y Ricky,10,12,0.333333,2,0.063171,7,0.226699,0.247956,89.023389,0,0.0012,0.014043,0.014043
Daddy Yankee,Daddy Yankee,2,3,0.175403,87,0.673423,6,0.32629,0.374372,9285.198083,0,0.00552,0.178922,0.178922
Zion,Zion,2,14,0.590476,62,0.376098,7,0.266453,0.30014,172.777479,0,0.001955,0.123191,0.123191
5 Seconds of Summer,5 Seconds of Summer,5,66,0,0,0.029971,7,0.238164,0.253281,122.678697,0,0.000829,0.001338,0.001338
The Chainsmokers,The Chainsmokers,5,66,0.026316,5,0.201607,6,0.291996,0.323996,8968.893779,0,0.006706,0.013627,0.013627
Tyga,Tyga,17,34,0.147059,20,0.364103,6,0.331668,0.364357,3308.883822,0,0.003106,0.063215,0.063215
Darell,Darell,2,32,0.4,48,0.367426,6,0.276897,0.310617,1021.159419,0,0.002613,0.113597,0.113597
DJ Luian,DJ Luian,2,128,0.5,60,0.421065,6,0.290464,0.32623,355.994486,0,0.002723,0.132426,0.132426
Mambo Kingz,Mambo Kingz,2,61,0.5,60,0.421065,6,0.290464,0.32623,355.994486,0,0.002723,0.132426,0.132426
Aloe Blacc,Aloe Blacc,3,66,0,0,0.011785,8,0.199639,0.209113,0,0,0.000669,0.000163,0.000163
Avicii,Avicii,3,66,0.018182,1,0.084087,7,0.249343,0.27045,5419.755924,0,0.004304,0.002616,0.002616
Young Nudy,Young Nudy,8,17,1,10,0.070393,8,0.218134,0.235782,0,0,0.0011,0.002256,0.002256
ILLENIUM,ILLENIUM,5,66,1,1,0.026939,7,0.227397,0.241459,0,0,0.000946,0.001015,0.001015
Lennon Stella,Lennon Stella,5,66,0.333333,2,0.049081,7,0.248503,0.266308,304.759062,0,0.001482,0.002621,0.002621
Bebe Rexha,Bebe Rexha,5,26,0.125,15,0.331332,6,0.34333,0.375226,10421.162668,0,0.002924,0.048872,0.048872
Europa,Europa,41,4,1,3,0.03055,7,0.227319,0.240046,0,0,0.001076,0.001211,0.001211
Jax Jones,Jax Jones,41,4,0.142857,4,0.086524,7,0.269371,0.289311,1474.751664,0,0.00222,0.006716,0.006716
Madison Beer,Madison Beer,41,4,0.321429,9,0.088724,7,0.260188,0.28054,2092.383319,0,0.001689,0.006692,0.006692
Martin Solveig,Martin Solveig,41,4,0.5,3,0.060638,7,0.260699,0.279658,359.323768,0,0.001176,0.005973,0.005973
Eminem,Eminem,6,106,0.045752,7,0.261848,7,0.307978,0.344417,6736.562693,0,0.004039,0.027967,0.027967
Logic,Logic,6,154,0.120635,76,0.534593,7,0.309413,0.360671,16103.275903,0,0.00572,0.047673,0.047673
Juice WRLD,Juice WRLD,12,84,0.058824,8,0.235109,7,0.303612,0.335833,4620.57652,0,0.003113,0.025612,0.025612
Lil Tecca,Lil Tecca,12,72,0.666667,2,0.047558,8,0.25,0.267816,29.523517,0,0.000697,0.00444,0.00444
Diplo,Diplo,28,27,0.116959,20,0.299431,6,0.323587,0.357204,5462.711902,0,0.004075,0.041986,0.041986
LSD,LSD,28,106,1,3,0.044638,6,0.257165,0.273343,0,0,0.001825,0.004156,0.004156
Labrinth,Labrinth,28,106,0.190476,4,0.118057,6,0.293416,0.317771,5998.975634,0,0.002246,0.012984,0.012984
Sia,Sia,28,106,0.142857,4,0.114091,6,0.283518,0.30738,1762.29241,0,0.002617,0.011576,0.011576
Rafa Pabön,Rafa Pabön,2,32,0.5,39,0.264404,7,0.239366,0.269829,103.397412,0,0.001542,0.07974,0.07974
Cardi B,Cardi B,4,83,0.12069,49,0.666209,6,0.365438,0.404995,13598.622819,0,0.00501,0.127762,0.127762
DJ Snake,DJ Snake,4,5,0.192982,33,0.431025,6,0.331503,0.367821,4279.472231,0,0.003185,0.088474,0.088474
Selena Gomez,Selena Gomez,4,54,0.166667,13,0.290323,6,0.324853,0.356476,4936.442393,0,0.002657,0.058748,0.058748
Bas,Bas,8,17,0.681818,45,0.154186,8,0.226931,0.24919,259.423699,0,0.001707,0.003036,0.003036
JID,JID,8,17,0.681818,45,0.154186,8,0.226931,0.24919,259.423699,0,0.001707,0.003036,0.003036
Travis Barker,Travis Barker,5,39,0.3,3,0.076207,6,0.271464,0.292118,274.417121,0,0.001104,0.007099,0.007099
YUNGBLUD,YUNGBLUD,5,39,0.3,3,0.060842,7,0.258769,0.277765,144.1509,0,0.001007,0.004511,0.004511
Agnes,Agnes,3,66,1,1,0.018469,8,0.199699,0.209866,0,0,0.001152,0.000174,0.000174
Vargas & Lagola,Vargas & Lagola,3,66,1,1,0.018469,8,0.199699,0.209866,0,0,0.001325,0.000174,0.000174
Brytiago,Brytiago,2,32,0.469697,31,0.280919,6,0.27102,0.301305,704.237233,0,0.00162,0.086728,0.086728
Brendon Urie,Brendon Urie,12,19,0.333333,2,0.052224,7,0.259071,0.276212,234.420496,0,0.001129,0.004873,0.004873
Taylor Swift,Taylor Swift,12,19,0.095238,2,0.107618,7,0.277824,0.302212,1532.637973,0,0.001707,0.012607,0.012607
Ed Sheeran,Ed Sheeran,6,101,0.068966,30,0.501348,6,0.339468,0.382706,11691.941286,0,0.005709,0.070009,0.070009
Stormzy,Stormzy,6,118,0.2,2,0.065066,7,0.26183,0.282118,330.74066,0,0.001267,0.00567,0.00567
Trippie Redd,Trippie Redd,14,7,0.138889,5,0.130831,7,0.276667,0.304647,1203.426576,0,0.00177,0.011615,0.011615
XXXTENTACION,XXXTENTACION,14,123,0.081871,14,0.259858,6,0.311445,0.345105,6668.192513,0,0.00388,0.031097,0.031097
Goodboys,Goodboys,7,74,1,1,0.012953,1,1,1,0,2,0.001334,0,0
MEDUZA,MEDUZA,7,74,1,1,0.012953,1,1,1,0,2,0.001334,0,0
Drake,Drake,8,6,0.124625,83,0.766797,6,0.354322,0.400929,12543.990693,0,0.006408,0.129728,0.129728
Rick Ross,Rick Ross,8,7,0.533333,8,0.11157,7,0.27091,0.293854,229.854194,0,0.000968,0.016662,0.016662
DaBaby,DaBaby,8,7,0.115385,9,0.209739,7,0.29264,0.322981,2484.006902,0,0.001806,0.026314,0.026314
Lil Baby,Lil Baby,8,7,0.163743,28,0.338343,7,0.30389,0.339698,3500.071262,0,0.00371,0.048713,0.048713
Dímelo Flow,Dímelo Flow,2,14,0.593407,54,0.332185,7,0.245562,0.279995,86.885592,0,0.00131,0.107734,0.107734
Offset,Offset,17,31,0.267974,41,0.444304,6,0.321083,0.356426,3651.532097,0,0.003596,0.078077,0.078077
YG,YG,17,34,0.311111,14,0.228744,7,0.305428,0.332369,721.316223,0,0.00177,0.03903,0.03903
Billy Ray Cyrus,Billy Ray Cyrus,12,90,1,3,0.053674,7,0.25228,0.271518,0,0,0.000726,0.007331,0.007331
Lil Nas X,Lil Nas X,12,90,0.190476,4,0.122973,7,0.285223,0.308613,669.559733,0,0.001202,0.017351,0.017351
Summer Cem,Summer Cem,1,29,0.666667,2,0.029414,5,0.346535,0.408095,0.5,1,0.001077,0,0
Lunay,Lunay,2,92,0.384615,30,0.33786,6,0.280642,0.313529,1078.660035,0,0.001416,0.106128,0.106128
Meek Mill,Meek Mill,8,70,0.212121,14,0.283064,6,0.313355,0.345055,1484.52008,0,0.001571,0.051283,0.051283
Snow,Snow,2,3,1,1,0.051752,6,0.260801,0.279116,0,0,0.000404,0.013502,0.013502
21 Savage,21 Savage,17,81,0.315789,60,0.5187,7,0.323114,0.360607,1912.288502,0,0.004087,0.093912,0.093912
Migos,Migos,17,8,0.294118,40,0.458108,6,0.328063,0.362299,2371.460714,0,0.003128,0.079334,0.079334
Mustard,Mustard,17,72,0.4,4,0.086824,7,0.263911,0.284879,26.029907,0,0.00068,0.011379,0.011379
RANI,RANI,9,9,0,0,0.005902,1,1,1,0,3,0.001135,0,0
Sam Feldt,Sam Feldt,9,9,0,0,0.005902,1,1,1,0,3,0.001135,0,0
Reik,Reik,2,10,0.4,6,0.177318,6,0.283156,0.311094,401.195622,0,0.000883,0.05093,0.05093
Sebastian Yatra,Sebastian Yatra,10,10,0.104762,11,0.231332,7,0.261006,0.294944,5084.17682,0,0.00285,0.05639,0.05639
Loredana,Loredana,1,29,0,0,0.012451,7,0.220126,0.26932,34,1,0.001443,0,0
MERO,MERO,1,29,0,0,0.014353,6,0.275591,0.329048,66,1,0.000886,0,0
Lil Mosey,Lil Mosey,8,11,0,0,0.017187,8,0.227164,0.240236,0,0,0.000329,0.002365,0.002365
Manuel Turizo,Manuel Turizo,10,12,0.164835,15,0.219392,7,0.27269,0.30422,1754.645903,0,0.002537,0.050802,0.050802
Arcangel,Arcangel,2,13,0.484848,32,0.332181,6,0.285714,0.31742,269.841551,0,0.001233,0.107302,0.107302
Myke Towers,Myke Towers,2,105,0.47619,10,0.147657,7,0.240318,0.266441,48.367017,0,0.000758,0.045523,0.045523
Khalid,Khalid,12,16,0.071225,25,0.481969,6,0.33999,0.382806,10423.961978,0,0.005549,0.061373,0.061373
SZA,SZA,12,48,0.327273,18,0.272654,7,0.306697,0.336876,493.350224,0,0.002837,0.045484,0.045484
benny blanco,benny blanco,12,54,0.177778,8,0.222918,6,0.318924,0.347741,1617.984081,0,0.001773,0.038705,0.038705
Lauv,Lauv,4,15,0,0,0.078024,6,0.273364,0.293524,943.216787,0,0.001238,0.008408,0.008408
Troye Sivan,Troye Sivan,4,15,0,0,0.05836,7,0.263806,0.282243,231.931256,0,0.000945,0.005186,0.005186
Maluma,Maluma,2,53,0.158103,40,0.473949,6,0.312177,0.353414,9065.717149,0,0.003688,0.120592,0.120592
Cazzu,Cazzu,2,105,0.466667,21,0.196762,7,0.255975,0.283168,244.500475,0,0.001305,0.05725,0.05725
KHEA,KHEA,2,105,0.642857,18,0.176733,7,0.255581,0.281286,58.629349,0,0.001066,0.053572,0.053572
Chris Brown,Chris Brown,17,68,0.176471,24,0.422079,6,0.334846,0.370131,3308.89824,0,0.002019,0.073844,0.073844
Sean Paul,Sean Paul,2,114,0.277778,10,0.214985,6,0.299639,0.330271,1107.729642,0,0.001437,0.044645,0.044645
Billie Eilish,Billie Eilish,12,16,0,0,0.053569,6,0.275404,0.292144,20.122926,0,0.000623,0.007988,0.007988
Disclosure,Disclosure,12,16,0,0,0.029736,7,0.253823,0.269607,0,0,0.000355,0.003833,0.003833
Summer Walker,Summer Walker,8,6,0,0,0.057755,7,0.26214,0.280074,47.916708,0,0.000579,0.009234,0.009234
9lokknine,9lokknine,14,7,0,0,0.008642,9,0.204119,0.213741,0,0,0.000471,0.000314,0.000314
YNW Melly,YNW Melly,14,7,0.166667,1,0.058687,8,0.256371,0.276285,726.109423,0,0.000884,0.005031,0.005031
Bruno Mars,Bruno Mars,17,101,0.2,3,0.131801,7,0.294849,0.318377,444.713639,0,0.001347,0.020937,0.020937
Chris Stapleton,Chris Stapleton,6,101,0.333333,1,0.04874,7,0.255286,0.273221,663,0,0.000919,0.005703,0.005703
EARTHGANG,EARTHGANG,8,17,1,10,0.070393,8,0.218134,0.235782,0,0,0.000941,0.002256,0.002256
A Boogie Wit da Hoodie,A Boogie Wit da Hoodie,11,72,0.128655,22,0.323219,7,0.313355,0.349512,3838.5663,0,0.002977,0.042538,0.042538
Roddy Ricch,Roddy Ricch,17,51,0.194444,7,0.158856,7,0.284612,0.310632,512.485621,0,0.00127,0.021854,0.021854
6ix9ine,6ix9ine,11,124,0.098901,9,0.24365,6,0.314841,0.34626,4766.622033,0,0.003644,0.037375,0.037375
Nicki Minaj,Nicki Minaj,11,89,0.087395,52,0.703729,6,0.365438,0.410191,19475.553644,0,0.0065,0.117326,0.117326
Game of Thrones,Game of Thrones,12,48,1,3,0.081658,7,0.265919,0.286277,0,0,0.000628,0.013984,0.013984
The Weeknd,The Weeknd,12,48,0.161905,17,0.294496,7,0.304727,0.338669,2603.949679,0,0.003005,0.043342,0.043342
Yebba,Yebba,6,55,0,0,0.039799,7,0.254894,0.272042,42.100431,0,0.000491,0.004797,0.004797
Burna Boy,Burna Boy,6,118,0.333333,1,0.048581,7,0.256569,0.274613,43.952903,0,0.000906,0.005287,0.005287
Luciano,Luciano,1,29,0.428571,9,0.064963,4,0.448718,0.533333,98.366667,1,0.001679,0,0
Ozzy Osbourne,Ozzy Osbourne,17,2,1,1,0.078889,7,0.271353,0.290892,0,0,0.000453,0.014969,0.014969
PnB Rock,PnB Rock,14,28,0.333333,7,0.159793,7,0.295505,0.322418,529.939917,0,0.001317,0.022177,0.022177
MACHETE,MACHETE,25,104,0.428571,9,0.056225,9,0.176314,0.188555,7.833333,0,0.001927,0.000136,0.000136
Salmo,Salmo,25,104,0.285714,6,0.05839,8,0.213436,0.228801,2196,0,0.001999,0.000627,0.000627
Major Lazer,Major Lazer,28,18,0.123188,34,0.4815,6,0.344041,0.38253,7964.745668,0,0.003166,0.080176,0.080176
Jorja Smith,Jorja Smith,6,6,0.333333,1,0.057136,7,0.263806,0.282057,52.274165,0,0.000682,0.008974,0.008974
Natti Natasha,Natti Natasha,2,59,0.27451,42,0.415768,6,0.298025,0.33745,2708.12904,0,0.002481,0.111302,0.111302
Camila Cabello,Camila Cabello,17,22,0.133333,14,0.376225,6,0.338258,0.371285,4530.223112,0,0.002201,0.071356,0.071356
Mark Ronson,Mark Ronson,28,27,0.190476,4,0.089858,7,0.273364,0.293815,826.499107,0,0.001472,0.009684,0.009684
BTS,BTS,12,15,0.054545,3,0.143983,7,0.291228,0.317484,2867.014627,0,0.002251,0.014389,0.014389
Halsey,Halsey,12,39,0.155556,7,0.193591,7,0.301407,0.331289,2069.189351,0,0.002295,0.024696,0.024696
Panic! At The Disco,Panic! At The Disco,12,19,1,1,0.019585,8,0.222297,0.234517,0,0,0.000607,0.001092,0.001092
ScHoolboy Q,ScHoolboy Q,17,55,0.333333,7,0.160266,7,0.278523,0.304145,186.102118,0,0.000904,0.026566,0.026566
Chance the Rapper,Chance the Rapper,17,51,0.152381,16,0.283475,6,0.314543,0.34503,3015.966624,0,0.003598,0.043439,0.043439
Y2K,Y2K,13,20,0,0,0.005902,1,1,1,0,4,0.001135,0,0
bbno$,bbno$,13,20,0,0,0.005902,1,1,1,0,4,0.001135,0,0
Rich Music LTD,Rich Music LTD,2,14,1,28,0.193609,7,0.232819,0.258376,0,0,0.001002,0.064689,0.064689
Wisin,Wisin,2,135,0.351779,89,0.550802,6,0.284247,0.325402,1160.649262,0,0.002424,0.172794,0.172794
Shawn Mendes,Shawn Mendes,12,19,0,0,0.085878,7,0.283035,0.303729,759.353452,0,0.000873,0.009975,0.009975
Fall Out Boy,Fall Out Boy,14,37,0.333333,2,0.041854,7,0.238164,0.254999,290.140314,0,0.000953,0.001329,0.001329
Macklemore,Macklemore,14,37,0.111111,4,0.08235,7,0.252184,0.273634,2682.077748,0,0.00293,0.002748,0.002748
Martin Garrix,Martin Garrix,4,59,0.076923,7,0.17233,6,0.297624,0.326782,5483.893156,0,0.003287,0.014704,0.014704
Jon Z,Jon Z,17,34,1,1,0.038322,7,0.252376,0.266333,0,0,0.000507,0.006386,0.006386
Dan Caplen,Dan Caplen,14,37,1,3,0.029049,7,0.219577,0.232103,0,0,0.001171,0.000764,0.000764
Jess Glynne,Jess Glynne,14,37,1,3,0.029049,7,0.219577,0.232103,0,0,0.001171,0.000764,0.000764
Rudimental,Rudimental,14,37,0.333333,7,0.087545,6,0.268826,0.289809,1475.266424,0,0.001595,0.008725,0.008725
Lil Tjay,Lil Tjay,15,23,0,0,0.005902,1,1,1,0,5,0.001135,0,0
Polo G,Polo G,15,23,0,0,0.005902,1,1,1,0,5,0.001135,0,0
Future,Future,12,38,0.156322,68,0.675603,6,0.353568,0.399347,9931.571103,0,0.004687,0.111145,0.111145
Anne-Marie,Anne-Marie,4,37,0.194444,7,0.143528,6,0.290083,0.31629,1233.285454,0,0.00171,0.018251,0.018251
Kehlani,Kehlani,4,126,0.111111,4,0.181178,7,0.304727,0.331967,2034.624666,0,0.001425,0.024765,0.024765
Ty Dolla $ign,Ty Dolla $ign,11,71,0.148387,69,0.639295,6,0.346375,0.390989,12647.476948,0,0.004143,0.094416,0.094416
Ant Clemons,Ant Clemons,11,125,1,1,0.05724,7,0.264753,0.283362,0,0,0.0005,0.008584,0.008584
Kanye West,Kanye West,11,125,0.098039,15,0.316875,7,0.319538,0.354909,7112.888839,0,0.003347,0.043014,0.043014
Justin Bieber,Justin Bieber,17,24,0.122807,21,0.384902,6,0.335693,0.370181,7132.009039,0,0.004385,0.066518,0.066518
KC Rebell,KC Rebell,1,29,0.333333,1,0.027663,5,0.376344,0.431905,19.266667,1,0.000921,0,0
LEA,LEA,1,29,1,1,0.021325,5,0.333333,0.385238,0,1,0.000741,0,0
Adriana Proenza,Adriana Proenza,16,25,0,0,0.006433,2,0.666667,0.75,0,6,0.001109,0,0
Kina,Kina,16,25,0,0,0.011848,1,1,1,1,6,0.001657,0,0
Luis Fonsi,Luis Fonsi,2,114,0.25,9,0.199494,7,0.288069,0.317649,1576.008457,0,0.001771,0.049999,0.049999
Mozzik,Mozzik,1,29,0,0,0.006456,8,0.181347,0.213844,0,1,0.000906,0,0
Paulo Londra,Paulo Londra,2,101,0.142857,4,0.144152,6,0.281356,0.308685,1749.326345,0,0.001123,0.031836,0.031836
Quality Control,Quality Control,8,7,1,1,0.038736,7,0.239452,0.256121,0,0,0.000517,0.004686,0.004686
Alan Walker,Alan Walker,5,26,0.138889,5,0.098019,7,0.253435,0.278216,3082.565125,0,0.002261,0.014523,0.014523
Sabrina Carpenter,Sabrina Carpenter,5,26,0.333333,1,0.062339,7,0.247208,0.270084,509.501077,0,0.000728,0.013998,0.013998
NAV,NAV,12,72,0.311111,14,0.192011,7,0.286084,0.313418,301.105963,0,0.001309,0.027021,0.027021
Ariana Grande,Ariana Grande,11,36,0.080882,11,0.274249,7,0.307123,0.340602,4679.120823,0,0.003352,0.036834,0.036834
Lana Del Rey,Lana Del Rey,4,49,0.2,3,0.086121,8,0.254017,0.277515,822.096741,0,0.001536,0.008174,0.008174
Miley Cyrus,Miley Cyrus,28,27,0.2,2,0.061819,7,0.248132,0.26903,351.38042,0,0.001148,0.00391,0.00391
Romeo Santos,Romeo Santos,2,3,0.7,7,0.159558,6,0.268935,0.293399,47.229662,0,0.000963,0.05184,0.05184
Machine Gun Kelly,Machine Gun Kelly,5,39,0.095238,2,0.095535,6,0.29021,0.308886,897.427216,0,0.001261,0.010349,0.010349
Gucci Mane,Gucci Mane,17,63,0.146245,37,0.470562,6,0.333166,0.371034,5835.31824,0,0.003471,0.075531,0.075531
RAF Camora,RAF Camora,1,29,0.333333,2,0.040754,6,0.380435,0.460476,43.466667,1,0.001833,0,0
Ufo361,Ufo361,1,29,0.177778,8,0.086035,5,0.492958,0.598571,346.233333,1,0.002414,0,0
Morgan Wallen,Morgan Wallen,28,27,0,0,0.021283,7,0.244567,0.257544,0,0,0.000251,0.002622,0.002622
James Blake,James Blake,12,131,0.428571,9,0.143134,7,0.277824,0.301911,1030.490552,0,0.001017,0.02241,0.02241
Metro Boomin,Metro Boomin,17,103,0.362637,33,0.360331,7,0.311591,0.344105,768.689755,0,0.003586,0.063144,0.063144
Erika Sirola,Erika Sirola,41,118,0,0,0.009664,8,0.204938,0.21466,0,0,0.000407,0.000377,0.000377
Robin Schulz,Robin Schulz,41,118,0.066667,1,0.069243,7,0.257664,0.278478,2028.313799,0,0.001673,0.006044,0.006044
Eartha Kitt,Eartha Kitt,18,30,0,0,0.005902,1,1,1,0,7,0.001135,0,0
Henri Rene & His Orchestra,Henri Rene & His Orchestra,18,30,0,0,0.005902,1,1,1,0,7,0.001135,0,0
Normani,Normani,12,55,0.4,6,0.141751,7,0.289199,0.315275,220.13579,0,0.000839,0.020265,0.020265
Becky G,Becky G,2,4,0.22381,47,0.442821,7,0.295505,0.335757,5716.483507,0,0.002924,0.117091,0.117091
Julia Michaels,Julia Michaels,41,19,0,0,0.093708,7,0.27529,0.297619,2050.880371,0,0.001512,0.0078,0.0078
Katy Perry,Katy Perry,17,3,0.25,9,0.202373,6,0.30755,0.334689,2999.889469,0,0.001619,0.037247,0.037247
Sheck Wes,Sheck Wes,17,5,1,6,0.106234,7,0.277244,0.297257,0,0,0.000463,0.020986,0.020986
Casper Magico,Casper Magico,2,0,1,10,0.152293,7,0.260188,0.285133,0,0,0.000824,0.050239,0.050239
Nio Garcia,Nio Garcia,2,0,1,10,0.152293,7,0.260188,0.285133,0,0,0.000824,0.050239,0.050239
Prince Royce,Prince Royce,2,10,0.619048,13,0.209974,6,0.285223,0.3126,171.784296,0,0.001318,0.063785,0.063785
Kirsty MacColl,Kirsty MacColl,19,33,0,0,0.005902,1,1,1,0,8,0.001135,0,0
The Pogues,The Pogues,19,33,0,0,0.005902,1,1,1,0,8,0.001135,0,0
G-Eazy,G-Eazy,4,126,0.114286,12,0.274226,6,0.312912,0.34488,3692.541048,0,0.002547,0.037513,0.037513
Rich The Kid,Rich The Kid,12,131,0.333333,2,0.091834,7,0.279579,0.300531,104.983435,0,0.000733,0.013715,0.013715
Barloe Team,Barloe Team,2,45,0,0,0.039835,7,0.245199,0.262833,0,0,0.000237,0.013525,0.013525
A Touch Of Class,A Touch Of Class,20,35,0,0,0.006433,2,0.666667,0.75,0,9,0.000874,0,0
R3HAB,R3HAB,20,35,0,0,0.011848,1,1,1,1,9,0.001657,0,0
John Legend,John Legend,17,51,0.333333,2,0.076864,7,0.257864,0.278844,59.497948,0,0.000562,0.011357,0.011357
Playboi Carti,Playboi Carti,4,72,0.285714,6,0.109499,8,0.263388,0.28852,360.144363,0,0.001155,0.011447,0.011447
CHVRCHES,CHVRCHES,4,37,0,0,0.017481,8,0.231117,0.244688,0,0,0.000276,0.001475,0.001475
Marshmello,Marshmello,4,37,0.066667,7,0.220536,7,0.300452,0.333724,4530.921669,0,0.002981,0.023611,0.023611
Lute,Lute,8,17,1,3,0.04833,8,0.234381,0.251755,0,0,0.000415,0.003379,0.003379
blackbear,blackbear,5,37,0.333333,1,0.054253,7,0.257265,0.275685,59.984738,0,0.000463,0.006474,0.006474
Why Don't We,Why Don't We,14,37,0,0,0.01113,8,0.201456,0.211182,0,0,0.000289,0.000172,0.000172
Eno,Eno,1,29,0.166667,1,0.03459,5,0.360825,0.434286,127,1,0.001061,0,0
Duckwrth,Duckwrth,41,4,1,15,0.078433,8,0.229917,0.250034,0,0,0.000843,0.010691,0.010691
Keke Palmer,Keke Palmer,41,4,1,15,0.078433,8,0.229917,0.250034,0,0,0.000843,0.010691,0.010691
League of Legends,League of Legends,41,4,0.466667,21,0.111105,7,0.237737,0.260664,770.549673,0,0.00138,0.011311,0.011311
SOYEON of (G)I-DLE,SOYEON of (G)I-DLE,41,4,1,15,0.078433,8,0.229917,0.250034,0,0,0.000843,0.010691,0.010691
Thutmose,Thutmose,41,4,1,15,0.078433,8,0.229917,0.250034,0,0,0.000843,0.010691,0.010691
True Damage,True Damage,41,4,1,15,0.078433,8,0.229917,0.250034,0,0,0.000843,0.010691,0.010691
Ky-Mani Marley,Ky-Mani Marley,14,123,0.5,3,0.081275,6,0.270138,0.291692,216.972043,0,0.000567,0.017049,0.017049
Stefflon Don,Stefflon Don,12,123,0.244444,11,0.185682,6,0.306132,0.334839,1759.915476,0,0.001874,0.032068,0.032068
Vybz Kartel,Vybz Kartel,14,123,1,3,0.043986,6,0.25647,0.272264,0,0,0.000482,0.00501,0.00501
DJ Khaled,DJ Khaled,17,73,0.255411,59,0.533793,6,0.32597,0.364157,2597.580864,0,0.004523,0.093225,0.093225
Kane Brown,Kane Brown,4,37,0,0,0.023413,8,0.231278,0.245692,663,0,0.000658,0.001481,0.001481
Fred Hammond,Fred Hammond,11,125,0,0,0.021452,8,0.242247,0.256119,0,0,0.000289,0.002687,0.002687
Jhay Cortez,Jhay Cortez,2,0,1,1,0.092019,6,0.278874,0.300075,0,0,0.000313,0.026493,0.026493
Imanbek,Imanbek,8,88,0,0,0.008136,8,0.198091,0.206042,0,0,0.00034,0.000272,0.000272
SAINt JHN,SAINt JHN,8,88,0.5,3,0.044373,7,0.246932,0.262855,663,0,0.0008,0.004355,0.004355
MAX,MAX,21,40,0,0,0.005902,1,1,1,0,10,0.001135,0,0
Quinn XCII,Quinn XCII,21,40,0,0,0.005902,1,1,1,0,10,0.001135,0,0
Dayvi,Dayvi,22,41,1,1,0.012953,1,1,1,0,11,0.001135,0,0
Kelly Ruíz,Kelly Ruíz,22,41,1,1,0.012953,1,1,1,0,11,0.001135,0,0
Victor Cardenas,Victor Cardenas,22,41,1,1,0.012953,1,1,1,0,11,0.001135,0,0
Cruz Cafuné,Cruz Cafuné,23,42,0,0,0.005902,1,1,1,0,12,0.001135,0,0
Don Patricio,Don Patricio,23,42,0,0,0.005902,1,1,1,0,12,0.001135,0,0
Lil Pump,Lil Pump,11,56,0.181818,12,0.223473,6,0.31028,0.341516,4556.708766,0,0.001937,0.031243,0.031243
Lil Wayne,Lil Wayne,17,43,0.140212,53,0.571472,6,0.345653,0.387123,11044.375995,0,0.004941,0.085123,0.085123
Kendrick Lamar,Kendrick Lamar,12,131,0.164835,15,0.240151,7,0.302644,0.333046,3617.549062,0,0.002664,0.033743,0.033743
Damso,Damso,24,44,0,0,0.005902,1,1,1,0,13,0.001135,0,0
Nekfeu,Nekfeu,24,44,0,0,0.005902,1,1,1,0,13,0.001135,0,0
Buddy,Buddy,8,17,1,36,0.121433,8,0.210794,0.228553,0,0,0.000919,0.001418,0.001418
Guapdad 4000,Guapdad 4000,8,17,1,36,0.121433,8,0.210794,0.228553,0,0,0.000919,0.001418,0.001418
Jace,Jace,8,17,1,36,0.121433,8,0.210794,0.228553,0,0,0.000919,0.001418,0.001418
Mez,Mez,8,17,1,36,0.121433,8,0.210794,0.228553,0,0,0.000919,0.001418,0.001418
Reese LAFLARE,Reese LAFLARE,8,17,1,36,0.121433,8,0.210794,0.228553,0,0,0.000919,0.001418,0.001418
Ski Mask The Slump God,Ski Mask The Slump God,8,17,0.8,36,0.139063,8,0.237737,0.259597,1072.140134,0,0.001109,0.002924,0.002924
Smokepurpp,Smokepurpp,8,17,0.8,36,0.137139,7,0.242779,0.264454,1690.742546,0,0.001022,0.003255,0.003255
Dani Faiv,Dani Faiv,25,104,1,3,0.026147,9,0.176081,0.185292,0,0,0.0008,0.000053,0.000053
Fabri Fibra,Fabri Fibra,25,104,0.666667,4,0.035195,9,0.176174,0.186296,1.5,0,0.001021,0.00009,0.00009
tha Supreme,tha Supreme,25,104,0.5,5,0.045562,8,0.213231,0.227044,1203.5,0,0.001221,0.00062,0.00062
ROSALÍA,ROSALÍA,2,45,0.666667,2,0.101601,6,0.27269,0.29498,5.213683,0,0.000472,0.028998,0.028998
2 Chainz,2 Chainz,17,46,0.25731,44,0.46975,7,0.32629,0.364824,3043.45272,0,0.002631,0.07363,0.07363
Anitta,Anitta,3,47,0.11,33,0.408008,6,0.311007,0.351556,9365.682783,0,0.004013,0.085981,0.085981
Mc Zaac,Mc Zaac,3,47,0.8,8,0.107851,6,0.274607,0.297741,152.495414,0,0.001241,0.022307,0.022307
Tropkillaz,Tropkillaz,3,47,0.8,8,0.107851,6,0.274607,0.297741,152.495414,0,0.001241,0.022307,0.022307
RM,RM,12,15,1,1,0.025327,8,0.236299,0.249719,0,0,0.000396,0.001982,0.001982
Gesaffelstein,Gesaffelstein,12,48,0,0,0.019671,8,0.233638,0.247481,0,0,0.000426,0.002707,0.002707
A$AP Rocky,A$AP Rocky,4,49,0.076023,13,0.272986,7,0.298025,0.332333,7636.896764,0,0.004057,0.034829,0.034829
Skepta,Skepta,4,49,0,0,0.020357,8,0.229678,0.243384,0,0,0.000393,0.002175,0.002175
Dynoro,Dynoro,26,50,0,0,0.005902,1,1,1,0,14,0.001135,0,0
Gigi D'Agostino,Gigi D'Agostino,26,50,0,0,0.005902,1,1,1,0,14,0.001135,0,0
Hit-Boy,Hit-Boy,17,51,0.333333,2,0.057791,7,0.251992,0.271163,43.795903,0,0.000637,0.007064,0.007064
Nipsey Hussle,Nipsey Hussle,17,51,0.333333,2,0.060396,7,0.25142,0.270263,29.11826,0,0.00059,0.008338,0.008338
Bing Crosby,Bing Crosby,27,52,1,1,0.012953,1,1,1,0,15,0.001135,0,0
John Scott Trotter & His Orchestra,John Scott Trotter & His Orchestra,27,52,1,1,0.012953,1,1,1,0,15,0.001135,0,0
Ken Darby Singers,Ken Darby Singers,27,52,1,1,0.012953,1,1,1,0,15,0.001135,0,0
Coldplay,Coldplay,5,66,0,0,0.054763,7,0.256569,0.276771,1306.085175,0,0.000936,0.005736,0.005736
Blueface,Blueface,17,83,0.333333,1,0.057704,7,0.270138,0.286274,663,0,0.00063,0.010458,0.010458
Bryant Myers,Bryant Myers,2,53,0.6,6,0.095319,7,0.256569,0.279913,152.195953,0,0.00063,0.023773,0.023773
BLACKPINK,BLACKPINK,28,27,0,0,0.011214,7,0.220452,0.230752,0,0,0.00037,0.000751,0.000751
Dua Lipa,Dua Lipa,28,27,0.142857,3,0.107573,6,0.282673,0.305974,1113.596311,0,0.001531,0.012023,0.012023
David Guetta,David Guetta,4,59,0.090323,42,0.49294,6,0.342092,0.385266,18304.399995,0,0.005373,0.08102,0.08102
Calvin Harris,Calvin Harris,17,55,0.126984,48,0.516433,6,0.324061,0.367018,5366.056813,0,0.004815,0.076748,0.076748
Rag'n'Bone Man,Rag'n'Bone Man,17,55,0,0,0.030897,7,0.244838,0.260897,0,0,0.000254,0.004794,0.004794
Tainy,Tainy,2,54,0.377778,17,0.27461,6,0.306414,0.336496,1021.502029,0,0.001109,0.071865,0.071865
ZAYN,ZAYN,12,19,0,0,0.052075,7,0.253145,0.271163,765.495086,0,0.00102,0.003962,0.003962
Zhavia Ward,Zhavia Ward,11,19,0.5,3,0.069834,6,0.272131,0.290889,183.242555,0,0.000567,0.008599,0.008599
Murda Beatz,Murda Beatz,11,51,0.333333,2,0.083162,7,0.279344,0.299236,199.932306,0,0.000943,0.012594,0.012594
Azet,Azet,29,57,0,0,0.005902,1,1,1,0,16,0.001135,0,0
Zuna,Zuna,29,57,0,0,0.005902,1,1,1,0,16,0.001135,0,0
RIN,RIN,1,29,0,0,0.01758,6,0.339806,0.391429,34,1,0.000814,0,0
French Montana,French Montana,4,124,0.122807,21,0.36638,6,0.331503,0.365989,5585.934318,0,0.002731,0.060488,0.060488
Rvssian,Rvssian,12,84,0.214286,6,0.208465,6,0.31529,0.343072,5084.381514,0,0.001123,0.045557,0.045557
Maroon 5,Maroon 5,12,19,0.190476,4,0.161485,7,0.294196,0.320019,769.443007,0,0.001349,0.025189,0.025189
Quavo,Quavo,17,58,0.233766,54,0.542498,6,0.334509,0.372791,8833.967646,0,0.005754,0.093493,0.093493
Kalazh44,Kalazh44,1,29,1,6,0.039878,5,0.343137,0.418571,0,1,0.000799,0,0
Nimo,Nimo,1,29,0.6,6,0.045368,5,0.346535,0.432857,34,1,0.001086,0,0
Dixie Chicks,Dixie Chicks,12,19,0,0,0.011171,8,0.217491,0.228442,0,0,0.000282,0.000787,0.000787
Kygo,Kygo,3,66,0,0,0.135263,7,0.279344,0.307344,6071.735152,0,0.003699,0.008563,0.008563
Valerie Broussard,Valerie Broussard,3,66,0,0,0.01445,8,0.218421,0.23023,0,0,0.000327,0.000535,0.000535
Lil Uzi Vert,Lil Uzi Vert,11,56,0.205128,16,0.291282,7,0.307123,0.339121,1087.58422,0,0.00182,0.04389,0.04389
Brooks,Brooks,4,59,0.666667,2,0.054427,6,0.26183,0.279719,14.375888,0,0.000648,0.006319,0.006319
Loote,Loote,4,59,1,1,0.039595,7,0.25509,0.27135,0,0,0.000403,0.005455,0.005455
Grey,Grey,5,157,0.333333,2,0.034342,7,0.219432,0.232225,697.193723,0,0.001601,0.00057,0.00057
Maren Morris,Maren Morris,5,157,0.333333,1,0.025153,8,0.214194,0.225274,663,0,0.00115,0.000448,0.000448
Zedd,Zedd,5,157,0.055556,2,0.090704,7,0.27202,0.293137,4037.698499,0,0.002439,0.006572,0.006572
Ellie Goulding,Ellie Goulding,17,66,0.166667,1,0.077476,7,0.278173,0.29886,849.465088,0,0.000729,0.008396,0.008396
Almighty,Almighty,2,105,0.464286,13,0.192496,7,0.260801,0.287894,204.373509,0,0.000763,0.060088,0.060088
Noriel,Noriel,2,53,0.321429,9,0.104803,7,0.241542,0.26506,719.73722,0,0.001046,0.021773,0.021773
Rauw Alejandro,Rauw Alejandro,2,105,0.357143,10,0.165993,7,0.243759,0.272465,148.373752,0,0.000793,0.047845,0.047845
MadeinTYO,MadeinTYO,8,51,1,1,0.035631,7,0.246748,0.262633,0,0,0.000346,0.004357,0.004357
Doja Cat,Doja Cat,17,34,0,0,0.02248,7,0.249156,0.26179,0,0,0.00025,0.003948,0.003948
Usher,Usher,17,6,0.333333,1,0.060238,7,0.2656,0.283541,32.343044,0,0.000463,0.009906,0.009906
Elley Duhé,Elley Duhé,5,157,0,0,0.01725,8,0.214055,0.22427,663,0,0.000718,0.000412,0.000412
Brando,Brando,30,64,0,0,0.006433,2,0.666667,0.75,0,17,0.001226,0,0
Loud Luxury,Loud Luxury,30,64,0,0,0.011848,1,1,1,1,17,0.001657,0,0
Marracash,Marracash,25,104,0.6,6,0.047338,8,0.213299,0.227295,547.666667,0,0.001215,0.000653,0.000653
Nitro,Nitro,25,104,1,3,0.02799,9,0.176127,0.185543,0,0,0.000794,0.000088,0.000088
Dennis DJ,Dennis DJ,3,47,0,0,0.007106,8,0.191963,0.200403,0,0,0.000447,0.000337,0.000337
MC Kevinho,MC Kevinho,3,47,0,0,0.0325,7,0.237482,0.253833,663,0,0.00065,0.005391,0.005391
TisaKorean,TisaKorean,11,51,1,1,0.028625,7,0.244207,0.257623,0,0,0.000355,0.0035,0.0035
Rita Ora,Rita Ora,3,66,0.133333,6,0.165575,6,0.302506,0.329443,6434.634021,0,0.001521,0.021503,0.021503
Sofia Reyes,Sofia Reyes,3,65,0.333333,2,0.065896,6,0.270028,0.288906,83.938724,0,0.000571,0.010924,0.010924
El Alfa,El Alfa,28,18,1,3,0.103624,6,0.290083,0.31137,0,0,0.000418,0.022087,0.022087
Jonas Brothers,Jonas Brothers,10,10,0.5,3,0.10038,6,0.27102,0.293725,479.134757,0,0.0005,0.024271,0.024271
JP Saxe,JP Saxe,41,19,0,0,0.011414,8,0.215935,0.225814,0,0,0.000299,0.000487,0.000487
Dardan,Dardan,1,29,0,0,0.007898,6,0.267176,0.302857,0,1,0.000396,0,0
Galantis,Galantis,3,66,0,0,0.014773,9,0.200908,0.212963,663,0,0.000855,0.000223,0.000223
OneRepublic,OneRepublic,3,66,0,0,0.063117,8,0.251135,0.274403,2248.79739,0,0.001086,0.003563,0.003563
Moneybagg Yo,Moneybagg Yo,8,7,1,1,0.038736,7,0.239452,0.256121,0,0,0.000344,0.004686,0.004686
Lizzo,Lizzo,11,36,0,0,0.019703,8,0.235044,0.248424,0,0,0.000276,0.002301,0.002301
Silk City,Silk City,28,27,1,3,0.043097,7,0.253338,0.269066,0,0,0.000724,0.003978,0.003978
B. Swanson Quartet,B. Swanson Quartet,31,67,0,0,0.005902,1,1,1,0,18,0.001135,0,0
Frank Sinatra,Frank Sinatra,31,67,0,0,0.005902,1,1,1,0,18,0.001135,0,0
Alesso,Alesso,5,157,0.3,3,0.061015,7,0.248689,0.269722,1310.267931,0,0.001565,0.006073,0.006073
TINI,TINI,10,157,0.166667,1,0.040311,7,0.217277,0.23617,2043.437141,0,0.000958,0.003934,0.003934
RAYE,RAYE,41,4,0,0,0.054296,6,0.263492,0.282229,572.119775,0,0.00061,0.005781,0.005781
Chelsea Cutler,Chelsea Cutler,3,66,0,0,0.01445,8,0.218421,0.23023,0,0,0.000327,0.000535,0.000535
Ink,Ink,17,68,1,1,0.048136,7,0.266132,0.282132,0,0,0.000343,0.008767,0.008767
Ghostface Killah,Ghostface Killah,6,154,0.818182,45,0.169617,8,0.239452,0.266699,197.481935,0,0.001311,0.007063,0.007063
Christian Nodal,Christian Nodal,10,101,0,0,0.009278,8,0.1991,0.210013,0,0,0.00031,0.000799,0.000799
Piso 21,Piso 21,10,101,0,0,0.069518,7,0.248503,0.27116,1392.827967,0,0.001153,0.012793,0.012793
Death Stranding: Timefall,Death Stranding: Timefall,28,16,1,3,0.079628,7,0.278407,0.298006,0,0,0.000436,0.011463,0.011463
Internet Money,Internet Money,11,72,1,1,0.029927,8,0.238763,0.253684,0,0,0.000373,0.002934,0.002934
David Bowie,David Bowie,32,69,0,0,0.005902,1,1,1,0,19,0.001135,0,0
Queen,Queen,32,69,0,0,0.005902,1,1,1,0,19,0.001135,0,0
Charli XCX,Charli XCX,4,15,0.285714,8,0.157009,6,0.308694,0.332028,1061.189182,0,0.001259,0.023078,0.023078
Cauty,Cauty,2,32,1,10,0.082683,7,0.219214,0.237744,0,0,0.000511,0.022477,0.022477
Chencho Corleone,Chencho Corleone,2,32,0.5,18,0.162239,7,0.230476,0.255364,54.555053,0,0.000778,0.046002,0.046002
Cosculluela,Cosculluela,2,32,0.733333,11,0.119477,7,0.251325,0.274157,132.11698,0,0.000583,0.033806,0.033806
Beyoncé,Beyoncé,8,88,0.19697,13,0.241255,6,0.314394,0.344629,3065.9463,0,0.002436,0.039743,0.039743
Childish Gambino,Childish Gambino,8,88,1,3,0.038585,7,0.243938,0.258663,0,0,0.000501,0.004536,0.004536
JAY-Z,JAY-Z,8,88,0.305556,11,0.17704,7,0.286454,0.313834,836.692356,0,0.001558,0.028341,0.028341
Oumou Sangaré,Oumou Sangaré,8,88,1,3,0.038585,7,0.243938,0.258663,0,0,0.000501,0.004536,0.004536
Ella Mai,Ella Mai,6,101,0,0,0.031228,7,0.253532,0.269306,0,0,0.000274,0.004373,0.004373
bülow,bülow,5,66,1,1,0.054345,7,0.262243,0.28134,0,0,0.000396,0.006748,0.006748
Bonez MC,Bonez MC,1,29,0.380952,8,0.057158,7,0.315315,0.444558,40.5,1,0.00283,0,0
Gzuz,Gzuz,1,29,0.272727,15,0.090712,6,0.406977,0.555714,169.2,1,0.002988,0,0
LX,LX,1,29,1,6,0.037811,7,0.301724,0.394558,0,1,0.000869,0,0
Maxwell,Maxwell,1,29,1,6,0.037811,7,0.301724,0.394558,0,1,0.000869,0,0
Sa4,Sa4,1,29,1,6,0.037811,7,0.301724,0.394558,0,1,0.000869,0,0
Social House,Social House,14,36,0,0,0.033163,8,0.241367,0.257586,18.497731,0,0.000382,0.003266,0.003266
Bryson Tiller,Bryson Tiller,8,6,0.333333,1,0.050572,7,0.247208,0.263787,8.694288,0,0.000628,0.008204,0.008204
Lexa,Lexa,3,47,1,3,0.04207,7,0.237482,0.254335,0,0,0.000624,0.006137,0.006137
Luísa Sonza,Luísa Sonza,3,47,1,3,0.04207,7,0.237482,0.254335,0,0,0.000624,0.006137,0.006137
Mc Rebecca,Mc Rebecca,3,47,1,3,0.04207,7,0.237482,0.254335,0,0,0.000624,0.006137,0.006137
Becky Hill,Becky Hill,7,74,1,1,0.012953,1,1,1,0,2,0.000737,0,0
Ninho,Ninho,33,75,0,0,0.005902,1,1,1,0,20,0.001135,0,0
Niska,Niska,33,75,0,0,0.005902,1,1,1,0,20,0.001135,0,0
Evan Rachel Wood,Evan Rachel Wood,34,76,0,0,0.006433,2,0.666667,0.75,0,21,0.000874,0,0
Idina Menzel,Idina Menzel,34,76,0,0,0.011848,1,1,1,1,21,0.001657,0,0
AURORA,AURORA,34,76,0,0,0.006433,2,0.666667,0.75,0,21,0.000874,0,0
Imagine Dragons,Imagine Dragons,3,28,0.47619,10,0.159208,7,0.281953,0.310897,2995.747663,0,0.001309,0.018351,0.018351
Whitney Houston,Whitney Houston,3,66,0,0,0.01445,8,0.218421,0.23023,0,0,0.000327,0.000535,0.000535
Micro TDH,Micro TDH,10,101,0,0,0.009278,8,0.1991,0.210013,0,0,0.00031,0.000799,0.000799
T-Pain,T-Pain,11,11,0,0,0.014146,7,0.230476,0.241322,0,0,0.000265,0.001866,0.001866
Tory Lanez,Tory Lanez,11,11,0.166667,6,0.184028,6,0.299369,0.3249,1139.726766,0,0.001554,0.029872,0.029872
Michael Bublé,Michael Bublé,35,77,0,0,0.011848,1,1,1,1,22,0.001657,0,0
The Puppini Sisters,The Puppini Sisters,35,77,0,0,0.006433,2,0.666667,0.75,0,22,0.000874,0,0
Jonas Blue,Jonas Blue,5,66,0.054545,3,0.091335,7,0.259071,0.28158,3643.267878,0,0.0031,0.004814,0.004814
Tiësto,Tiësto,17,2,0.266667,4,0.082702,7,0.269809,0.289547,1333.218933,0,0.001266,0.009159,0.009159
The Cratez,The Cratez,1,29,0,0,0.009652,8,0.241379,0.297177,0,1,0.000331,0,0
Haze,Haze,2,87,0,0,0.034814,7,0.245381,0.262217,0,0,0.0003,0.011795,0.011795
P!nk,P!nk,28,106,0.166667,1,0.068019,7,0.267096,0.287715,317.941221,0,0.000623,0.006373,0.006373
Dan + Shay,Dan + Shay,17,24,0,0,0.023832,7,0.25142,0.264537,0,0,0.000253,0.004155,0.004155
Brett Eldredge,Brett Eldredge,36,78,0,0,0.005902,1,1,1,0,23,0.001135,0,0
Meghan Trainor,Meghan Trainor,36,78,0,0,0.005902,1,1,1,0,23,0.001135,0,0
Jessie Reyez,Jessie Reyez,17,55,0.333333,1,0.05924,7,0.254894,0.27533,38.829451,0,0.000802,0.006965,0.006965
Sam Smith,Sam Smith,17,55,0.333333,2,0.05846,7,0.248224,0.267273,34.252942,0,0.000806,0.006794,0.006794
Winona Oak,Winona Oak,5,66,0,0,0.018556,7,0.226081,0.238748,0,0,0.000435,0.000851,0.000851
Lil Skies,Lil Skies,6,28,0,0,0.049803,7,0.256074,0.272823,664.803585,0,0.000775,0.00678,0.00678
Bradley Cooper,Bradley Cooper,37,79,0,0,0.005902,1,1,1,0,24,0.001135,0,0
Lady Gaga,Lady Gaga,37,79,0,0,0.005902,1,1,1,0,24,0.001135,0,0
Afro Bros,Afro Bros,4,59,1,15,0.128479,7,0.269153,0.292861,0,0,0.000709,0.028614,0.028614
Dimitri Vegas,Dimitri Vegas,4,59,0.809524,17,0.137175,7,0.269809,0.294492,80.338597,0,0.001056,0.029139,0.029139
Dimitri Vegas & Like Mike,Dimitri Vegas & Like Mike,4,59,0.809524,17,0.137175,7,0.269809,0.294492,80.338597,0,0.001056,0.029139,0.029139
Like Mike,Like Mike,4,59,1,15,0.128479,7,0.269153,0.292861,0,0,0.000709,0.028614,0.028614
Lil Duke,Lil Duke,14,7,1,1,0.035059,8,0.240406,0.256904,0,0,0.000354,0.003768,0.003768
Henning May,Henning May,1,29,0,0,0.006667,6,0.253623,0.284762,0,1,0.000476,0,0
Juju,Juju,1,29,0,0,0.018067,5,0.336538,0.39,34,1,0.00072,0,0
Ezhel,Ezhel,1,29,0,0,0.01758,6,0.339806,0.391429,34,1,0.000814,0,0
Murda,Murda,1,29,0,0,0.006647,7,0.255474,0.285986,0,1,0.000516,0,0
Jerry Smith,Jerry Smith,38,80,0,0,0.005902,1,1,1,0,25,0.001135,0,0
Márcia Fellipe,Márcia Fellipe,38,80,0,0,0.005902,1,1,1,0,25,0.001135,0,0
Hava,Hava,1,29,0,0,0.008603,6,0.259259,0.299048,0,1,0.000355,0,0
Sfera Ebbasta,Sfera Ebbasta,25,104,0.088889,4,0.104044,7,0.269919,0.292879,9160.65842,0,0.002528,0.008988,0.008988
Bazzi,Bazzi,17,22,0,0,0.050338,7,0.267958,0.283878,2.305061,0,0.0004,0.010322,0.010322
Captain Cuts,Captain Cuts,81,82,1,3,0.023653,2,0.636364,0.714286,0,26,0.001094,0,0
Felix Jaehn,Felix Jaehn,81,82,0.4,4,0.035682,2,0.777778,0.857143,10,26,0.001802,0,0
Georgia Ku,Georgia Ku,81,82,1,3,0.023653,2,0.636364,0.714286,0,26,0.001094,0,0
NOTD,NOTD,81,82,0.3,3,0.034617,2,0.777778,0.857143,11,26,0.00217,0,0
Sunday Service Choir,Sunday Service Choir,11,125,0,0,0.021452,8,0.242247,0.256119,0,0,0.000289,0.002687,0.002687
Theresa Rex,Theresa Rex,5,66,0,0,0.012017,8,0.205828,0.215838,0,0,0.000317,0.000301,0.000301
Marciano Cantero,Marciano Cantero,2,0,1,1,0.092019,6,0.278874,0.300075,0,0,0.000313,0.026493,0.026493
Joyner Lucas,Joyner Lucas,6,106,1,1,0.054258,8,0.253823,0.274127,0,0,0.00052,0.004724,0.004724
Farid Bang,Farid Bang,11,124,0.4,4,0.06319,7,0.26214,0.280777,197.467095,0,0.000848,0.006742,0.006742
Khaled,Khaled,11,124,1,1,0.032371,7,0.250566,0.264992,0,0,0.000404,0.004199,0.004199
NLE Choppa,NLE Choppa,17,83,0,0,0.008165,8,0.212752,0.220546,0,0,0.000349,0.000653,0.000653
YoungBoy Never Broke Again,YoungBoy Never Broke Again,12,84,0,0,0.018557,8,0.232982,0.245918,0,0,0.000265,0.0016,0.0016
John Lennon,John Lennon,39,85,1,3,0.021296,1,1,1,0,27,0.001135,0,0
The Harlem Community Choir,The Harlem Community Choir,39,85,1,3,0.021296,1,1,1,0,27,0.001135,0,0
The Plastic Ono Band,The Plastic Ono Band,39,85,1,3,0.021296,1,1,1,0,27,0.001135,0,0
Yoko Ono,Yoko Ono,39,85,1,3,0.021296,1,1,1,0,27,0.001135,0,0
j-hope,j-hope,2,4,0,0,0.026263,8,0.228179,0.244261,0,0,0.000248,0.007313,0.007313
SAFE,SAFE,12,16,0,0,0.029736,7,0.253823,0.269607,0,0,0.000263,0.003833,0.003833
Megan Thee Stallion,Megan Thee Stallion,11,71,1,1,0.074914,7,0.282914,0.300943,0,0,0.000348,0.013225,0.013225
Zion & Lennox,Zion & Lennox,2,12,0.309091,17,0.266869,6,0.289325,0.321888,1566.177797,0,0.001498,0.075599,0.075599
Mr Eazi,Mr Eazi,2,37,0.5,5,0.144216,6,0.295242,0.319754,496.177904,0,0.000607,0.033186,0.033186
Zendaya,Zendaya,58,119,0.6,9,0.054101,7,0.228022,0.243363,4599.25,0,0.00151,0.000832,0.000832
Victoria Monét,Victoria Monét,11,36,0,0,0.019703,8,0.235044,0.248424,0,0,0.000276,0.002301,0.002301
Bausa,Bausa,1,29,0,0,0.006647,7,0.255474,0.285986,0,1,0.000516,0,0
Wisin & Yandel,Wisin & Yandel,2,3,1,1,0.04899,7,0.246199,0.264677,0,0,0.000316,0.014413,0.014413
A$AP Ferg,A$AP Ferg,17,51,1,1,0.037096,7,0.246017,0.262253,0,0,0.000391,0.005289,0.005289
Big Sean,Big Sean,17,60,0.177866,45,0.495456,6,0.32549,0.365537,6028.383316,0,0.003799,0.077624,0.077624
Pedro Capó,Pedro Capó,2,12,0,0,0.047185,7,0.238335,0.258534,30.281957,0,0.0004,0.01351,0.01351
Guaynaa,Guaynaa,2,4,1,6,0.134105,7,0.248132,0.274394,0,0,0.000431,0.044783,0.044783
Blue Ivy,Blue Ivy,8,88,1,3,0.038903,7,0.24684,0.262102,0,0,0.00053,0.004339,0.004339
WizKid,WizKid,8,88,0.222222,8,0.169383,7,0.288069,0.314386,785.490232,0,0.001468,0.025376,0.025376
Avril Lavigne,Avril Lavigne,11,89,0,0,0.039126,7,0.267742,0.283323,0,0,0.000255,0.007328,0.007328
Data Luv,Data Luv,1,29,0,0,0.011651,6,0.333333,0.372381,0,1,0.000375,0,0
Black Eyed Peas,Black Eyed Peas,2,116,0,0,0.053732,6,0.269699,0.288328,0,0,0.000245,0.014457,0.014457
Mason Ramsey,Mason Ramsey,12,90,1,3,0.053674,7,0.25228,0.271518,0,0,0.000485,0.007331,0.007331
Little Mix,Little Mix,11,118,0,0,0.077982,6,0.278173,0.299322,1288.100436,0,0.001134,0.008968,0.008968
John Mayer,John Mayer,12,16,0,0,0.029736,7,0.253823,0.269607,0,0,0.000263,0.003833,0.003833
50 Cent,50 Cent,6,106,1,1,0.051,7,0.26297,0.281705,0,0,0.000392,0.006119,0.006119
Sandro Cavazza,Sandro Cavazza,3,66,0,0,0.026234,8,0.219722,0.234246,89.734661,0,0.000984,0.000698,0.000698
Liz Gillies,Liz Gillies,11,36,0,0,0.019703,8,0.235044,0.248424,0,0,0.000381,0.002301,0.002301
John Williams,John Williams,40,91,0,0,0.005902,1,1,1,0,28,0.001135,0,0
Mykola Dmytrovych Leontovych,Mykola Dmytrovych Leontovych,40,91,0,0,0.005902,1,1,1,0,28,0.001135,0,0
Zara Larsson,Zara Larsson,41,15,0,0,0.059752,6,0.271575,0.289859,253.632603,0,0.00058,0.007335,0.007335
Clean Bandit,Clean Bandit,41,114,0.142857,3,0.078639,7,0.268174,0.288357,637.092877,0,0.001562,0.008632,0.008632
Demi Lovato,Demi Lovato,41,114,0.3,3,0.06257,7,0.260086,0.279812,417.880824,0,0.001598,0.006516,0.006516
Chris Jeday,Chris Jeday,2,92,0.47619,10,0.189767,6,0.278874,0.306827,372.286424,0,0.001019,0.055631,0.055631
Gaby Music,Gaby Music,2,92,1,1,0.033799,7,0.226621,0.242495,0,0,0.00032,0.010103,0.010103
Felipe Araújo,Felipe Araújo,42,93,0,0,0.005902,1,1,1,0,29,0.001135,0,0
Ferrugem,Ferrugem,42,93,0,0,0.005902,1,1,1,0,29,0.001135,0,0
MC Gury,MC Gury,43,94,0,0,0.005902,1,1,1,0,30,0.001135,0,0
MC L da Vinte,MC L da Vinte,43,94,0,0,0.005902,1,1,1,0,30,0.001135,0,0
Gradur,Gradur,44,95,0,0,0.005902,1,1,1,0,31,0.001135,0,0
Heuss L'enfoiré,Heuss L'enfoiré,44,95,0,0,0.005902,1,1,1,0,31,0.001135,0,0
Dave,Dave,6,101,1,1,0.043843,7,0.261006,0.278417,0,0,0.000369,0.006361,0.006361
Clipse,Clipse,11,125,1,1,0.028414,8,0.242336,0.256872,0,0,0.000502,0.002866,0.002866
Kenny G,Kenny G,11,125,1,1,0.028414,8,0.242336,0.256872,0,0,0.000502,0.002866,0.002866
Zac Efron,Zac Efron,58,119,1,6,0.035855,8,0.185994,0.19612,0,0,0.001025,0.000065,0.000065
Blake Shelton,Blake Shelton,45,96,0,0,0.005902,1,1,1,0,32,0.001135,0,0
Gwen Stefani,Gwen Stefani,45,96,0,0,0.005902,1,1,1,0,32,0.001135,0,0
Mitchell Ayres & His Orchestra,Mitchell Ayres & His Orchestra,46,97,1,1,0.012953,1,1,1,0,33,0.001135,0,0
Perry Como,Perry Como,46,97,1,1,0.012953,1,1,1,0,33,0.001135,0,0
The Fontane Sisters,The Fontane Sisters,46,97,1,1,0.012953,1,1,1,0,33,0.001135,0,0
James Arthur,James Arthur,4,37,0.5,3,0.051817,7,0.2473,0.265153,89.907247,0,0.000662,0.003805,0.003805
El Guincho,El Guincho,2,45,1,1,0.063289,6,0.269809,0.289081,0,0,0.000379,0.016268,0.016268
De La Ghetto,De La Ghetto,2,65,0.238095,5,0.148881,6,0.279579,0.303941,210.524434,0,0.000752,0.040223,0.040223
Bad Gyal,Bad Gyal,47,98,0,0,0.005902,1,1,1,0,34,0.001135,0,0
Omar Montes,Omar Montes,47,98,0,0,0.005902,1,1,1,0,34,0.001135,0,0
Aaron Smith,Aaron Smith,48,99,1,1,0.012953,1,1,1,0,35,0.001135,0,0
Krono,Krono,48,99,1,1,0.012953,1,1,1,0,35,0.001135,0,0
Luvli,Luvli,48,99,1,1,0.012953,1,1,1,0,35,0.001135,0,0
BlocBoy JB,BlocBoy JB,8,49,0,0,0.061929,7,0.266988,0.286525,49.873461,0,0.000452,0.010278,0.010278
Animus,Animus,1,29,0,0,0.007318,6,0.255474,0.289524,0,1,0.000394,0,0
Bushido,Bushido,1,29,0.333333,1,0.027278,5,0.339806,0.404286,34,1,0.000791,0,0
Alizzz,Alizzz,49,100,1,1,0.012953,1,1,1,0,36,0.001135,0,0
C. Tangana,C. Tangana,49,100,1,1,0.012953,1,1,1,0,36,0.001135,0,0
Paloma Mami,Paloma Mami,49,100,1,1,0.012953,1,1,1,0,36,0.001135,0,0
Luche,Luche,25,104,0,0,0.012074,8,0.212616,0.222777,0,0,0.000366,0.000561,0.000561
SUGA,SUGA,12,15,1,1,0.028633,7,0.244838,0.259241,0,0,0.000376,0.002441,0.002441
Daniel Caesar,Daniel Caesar,6,101,0,0,0.007255,8,0.202439,0.21079,0,0,0.000449,0.000274,0.000274
H.E.R.,H.E.R.,6,101,0,0,0.037169,7,0.253726,0.27031,663,0,0.000655,0.00439,0.00439
Niall Horan,Niall Horan,41,19,0,0,0.011414,8,0.215935,0.225814,0,0,0.000299,0.000487,0.000487
Shania Twain,Shania Twain,35,77,0,0,0.006433,2,0.666667,0.75,0,22,0.000874,0,0
Ghetto,Ghetto,2,101,1,1,0.036712,7,0.234133,0.250911,0,0,0.000323,0.009667,0.009667
Kodak Black,Kodak Black,17,103,0.272727,18,0.287256,7,0.305287,0.336586,926.092893,0,0.002386,0.046528,0.046528
Lalo Ebratt,Lalo Ebratt,2,10,1,1,0.066667,6,0.271242,0.290788,0,0,0.000339,0.017637,0.017637
Death Cab for Cutie,Death Cab for Cutie,17,51,0,0,0.019267,7,0.239366,0.251528,0,0,0.000255,0.002713,0.002713
ILOVEMAKONNEN,ILOVEMAKONNEN,14,37,1,1,0.016588,8,0.210127,0.221305,0,0,0.000433,0.000303,0.000303
Lil Peep,Lil Peep,14,37,0.166667,1,0.052242,7,0.254699,0.274426,758.252294,0,0.000904,0.003519,0.003519
Lazza,Lazza,25,104,1,1,0.019317,9,0.176081,0.18479,0,0,0.000587,0.000048,0.000048
Juhn,Juhn,2,53,0.5,14,0.142311,7,0.246474,0.271637,89.150881,0,0.000824,0.036741,0.036741
Florida Georgia Line,Florida Georgia Line,5,157,0.4,4,0.066171,7,0.265706,0.284215,954.751786,0,0.001785,0.004461,0.004461
Hailee Steinfeld,Hailee Steinfeld,5,157,0.190476,4,0.062756,7,0.243313,0.260696,718.342952,0,0.001966,0.002067,0.002067
watt,watt,5,157,1,3,0.028151,8,0.21994,0.233179,0,0,0.001279,0.000787,0.000787
SHAED,SHAED,12,19,0,0,0.008726,8,0.202069,0.210772,0,0,0.000294,0.000247,0.000247
Joe Janiak,Joe Janiak,3,66,0,0,0.011785,8,0.199639,0.209113,0,0,0.000337,0.000163,0.000163
Larry Walsh,Larry Walsh,50,107,1,3,0.021296,1,1,1,0,37,0.001135,0,0
Mark Linett,Mark Linett,50,107,1,3,0.021296,1,1,1,0,37,0.001135,0,0
Sweet,Sweet,50,107,1,3,0.021296,1,1,1,0,37,0.001135,0,0
The Beach Boys,The Beach Boys,50,107,1,3,0.021296,1,1,1,0,37,0.001135,0,0
Snøw,Snøw,16,25,0,0,0.006433,2,0.666667,0.75,0,6,0.000639,0,0
PARTYNEXTDOOR,PARTYNEXTDOOR,11,55,0.285714,8,0.192049,6,0.303335,0.331476,1013.083025,0,0.00126,0.030407,0.030407
Jowell & Randy,Jowell & Randy,10,12,0.333333,1,0.077575,6,0.271464,0.292721,347.916589,0,0.000578,0.017897,0.017897
The Rudeboyz,The Rudeboyz,10,12,1,1,0.025827,7,0.223569,0.238228,0,0,0.000387,0.004291,0.004291
Santana,Santana,17,34,1,1,0.038322,7,0.252376,0.266333,0,0,0.000339,0.006386,0.006386
Gemitaiz,Gemitaiz,51,108,0,0,0.005902,1,1,1,0,38,0.001135,0,0
MadMan,MadMan,51,108,0,0,0.005902,1,1,1,0,38,0.001135,0,0
Bastille,Bastille,4,37,0,0,0.017481,8,0.231117,0.244688,0,0,0.000381,0.001475,0.001475
J Hus,J Hus,6,101,1,1,0.06521,7,0.265919,0.286901,0,0,0.000351,0.010162,0.010162
Bantu,Bantu,11,87,1,1,0.07394,6,0.282794,0.302234,0,0,0.00047,0.019123,0.019123
Residente,Residente,2,0,0,0,0.038286,7,0.248224,0.265648,0,0,0.000238,0.012037,0.012037
Dzeko,Dzeko,17,2,1,3,0.052546,7,0.259173,0.275355,0,0,0.000775,0.007578,0.007578
Preme,Preme,17,2,1,3,0.052546,7,0.259173,0.275355,0,0,0.000775,0.007578,0.007578
Dadá Boladão,Dadá Boladão,52,109,1,1,0.012953,1,1,1,0,39,0.001135,0,0
OIK,OIK,52,109,1,1,0.012953,1,1,1,0,39,0.001135,0,0
Tati Zaqui,Tati Zaqui,52,109,1,1,0.012953,1,1,1,0,39,0.001135,0,0
Anderson .Paak,Anderson .Paak,12,131,0.333333,2,0.042469,8,0.233064,0.24813,701.447632,0,0.000908,0.003623,0.003623
YBN Cordae,YBN Cordae,12,131,0,0,0.008085,9,0.189066,0.196759,0,0,0.000363,0.000226,0.000226
Amenazzy,Amenazzy,2,1,1,1,0.07912,7,0.240754,0.263454,0,0,0.000299,0.027235,0.027235
Maître Gims,Maître Gims,53,110,0,0,0.005902,1,1,1,0,40,0.001135,0,0
Shirin David,Shirin David,53,110,0,0,0.005902,1,1,1,0,40,0.001135,0,0
Bizarrap,Bizarrap,54,111,0,0,0.005902,1,1,1,0,41,0.001135,0,0
Nicki Nicole,Nicki Nicole,54,111,0,0,0.005902,1,1,1,0,41,0.001135,0,0
A R I Z O N A,A R I Z O N A,3,66,0,0,0.011785,8,0.199639,0.209113,0,0,0.000337,0.000163,0.000163
Skrillex,Skrillex,17,24,0,0,0.038818,7,0.253823,0.270561,39.394723,0,0.000451,0.004668,0.004668
Clever,Clever,12,84,1,1,0.033174,7,0.253823,0.268531,0,0,0.00036,0.004445,0.004445
Oliver Heldens,Oliver Heldens,55,112,1,1,0.012953,1,1,1,0,42,0.001135,0,0
Riton,Riton,55,112,1,1,0.012953,1,1,1,0,42,0.001135,0,0
Vula,Vula,55,112,1,1,0.012953,1,1,1,0,42,0.001135,0,0
Dean Lewis,Dean Lewis,4,59,0,0,0.015672,7,0.22944,0.241419,0,0,0.000287,0.000918,0.000918
Bonn,Bonn,4,59,0,0,0.015672,7,0.22944,0.241419,0,0,0.000403,0.000918,0.000918
LANY,LANY,4,15,0,0,0.009917,7,0.214748,0.223957,0,0,0.000287,0.000525,0.000525
Jack & Jack,Jack & Jack,5,66,0,0,0.012017,8,0.205828,0.215838,0,0,0.000609,0.000301,0.000301
KSI,KSI,8,7,1,3,0.040983,8,0.233803,0.249675,0,0,0.000497,0.004355,0.004355
S-X,S-X,8,7,1,3,0.040983,8,0.233803,0.249675,0,0,0.000497,0.004355,0.004355
ChocQuibTown,ChocQuibTown,10,12,1,3,0.07314,7,0.239452,0.262048,0,0,0.000423,0.020685,0.020685
Kelsea Ballerini,Kelsea Ballerini,5,66,0,0,0.018556,7,0.226081,0.238748,0,0,0.000833,0.000851,0.000851
Apache 207,Apache 207,56,113,0,0,0.005902,1,1,1,0,43,0.001135,0,0
Sido,Sido,56,113,0,0,0.005902,1,1,1,0,43,0.001135,0,0
Rae Sremmurd,Rae Sremmurd,17,115,0.5,5,0.115584,7,0.280999,0.304045,59.483133,0,0.001432,0.018305,0.018305
Slim Jxmmi,Slim Jxmmi,17,115,0.833333,5,0.089015,7,0.276206,0.297117,23.517316,0,0.001352,0.013864,0.013864
Steve Aoki,Steve Aoki,12,15,0.166667,1,0.034066,7,0.230636,0.244345,703.972298,0,0.001391,0.001177,0.001177
Daft Punk,Daft Punk,12,48,0,0,0.019671,8,0.233638,0.247481,0,0,0.000596,0.002707,0.002707
Willy William,Willy William,2,65,0.5,5,0.1542,6,0.305568,0.331551,167.653994,0,0.001003,0.031026,0.031026
Hugh Jackman,Hugh Jackman,58,119,0.47619,10,0.055346,8,0.186151,0.198379,1324.25,0,0.001847,0.000069,0.000069
The Greatest Showman Ensemble,The Greatest Showman Ensemble,58,119,0.9,9,0.043219,8,0.186047,0.196873,0.25,0,0.001428,0.000069,0.000069
Keala Settle,Keala Settle,58,119,0.9,9,0.043219,8,0.186047,0.196873,0.25,0,0.001294,0.000069,0.000069
Emily Warren,Emily Warren,5,66,0,0,0.024491,7,0.226235,0.239752,663,0,0.001112,0.000854,0.000854
Michael Jackson,Michael Jackson,8,6,0,0,0.041572,7,0.261726,0.278066,0,0,0.00034,0.008103,0.008103
Fetty Wap,Fetty Wap,11,118,0.2,3,0.071897,7,0.262347,0.283523,2239.354959,0,0.001352,0.005517,0.005517
Charlie Puth,Charlie Puth,4,126,0.333333,1,0.052166,7,0.267526,0.284868,22.840487,0,0.000728,0.007559,0.007559
Bea Miller,Bea Miller,81,82,0,0,0.00821,3,0.466667,0.52381,0,26,0.000785,0,0
Justin Timberlake,Justin Timberlake,6,101,0,0,0.007953,8,0.203431,0.212271,0,0,0.000431,0.000356,0.000356
Yandel,Yandel,2,145,0.361111,13,0.159595,7,0.255286,0.281096,608.473455,0,0.001594,0.044375,0.044375
Thalía,Thalía,2,59,0,0,0.024461,7,0.229678,0.245554,0,0,0.000316,0.006952,0.006952
Landon Cube,Landon Cube,6,28,0,0,0.007941,8,0.203931,0.212206,0,0,0.0005,0.000423,0.000423
Juicy J,Juicy J,17,115,0.333333,5,0.103738,7,0.270579,0.294682,337.059744,0,0.000934,0.010339,0.010339
DrefGold,DrefGold,25,104,1,1,0.018753,8,0.212684,0.22353,0,0,0.000814,0.000599,0.000599
Famous Dex,Famous Dex,4,49,0,0,0.020357,8,0.229678,0.243384,0,0,0.000504,0.002175,0.002175
Huncho Jack,Huncho Jack,17,58,0.833333,5,0.108181,7,0.271131,0.292226,5.281208,0,0.001655,0.020122,0.020122
KYLE,KYLE,4,126,1,1,0.027642,8,0.24058,0.254498,0,0,0.000479,0.002512,0.002512
Lary Over,Lary Over,10,10,1,1,0.024467,8,0.207112,0.222402,0,0,0.000663,0.003757,0.003757
Luis Figueroa,Luis Figueroa,10,10,1,1,0.024467,8,0.207112,0.222402,0,0,0.000663,0.003757,0.003757
Cashmere Cat,Cashmere Cat,11,36,0.333333,2,0.081356,7,0.275977,0.29645,165.806777,0,0.000828,0.012843,0.012843
Nate Dogg,Nate Dogg,6,106,0,0,0.019772,8,0.235545,0.250066,0,0,0.000525,0.001747,0.001747
kiLL edward,kiLL edward,8,17,0,0,0.016036,8,0.216781,0.230311,0,0,0.000327,0.001437,0.001437
Liam Payne,Liam Payne,5,66,0.133333,2,0.129175,6,0.302368,0.326205,2977.692931,0,0.001162,0.022514,0.022514
Jason Derulo,Jason Derulo,11,65,0.285714,6,0.162743,6,0.309991,0.333785,704.916576,0,0.001182,0.027196,0.027196
Moby,Moby,4,49,1,3,0.03547,8,0.229837,0.24489,0,0,0.00074,0.002486,0.002486
George Benson,George Benson,59,120,0,0,0.006985,3,0.5,0.583333,0,44,0.001068,0,0
Gorillaz,Gorillaz,59,120,0,0,0.018367,2,0.8,0.875,5,44,0.002114,0,0
Nego do Borel,Nego do Borel,2,53,0,0,0.02791,7,0.237993,0.253991,0,0,0.000405,0.007532,0.007532
Kyla,Kyla,8,88,1,1,0.055289,7,0.26297,0.280777,0,0,0.000713,0.009688,0.009688
Drew Love,Drew Love,5,66,0,0,0.018556,7,0.226081,0.238748,0,0,0.000303,0.000851,0.000851
Alessia Cara,Alessia Cara,5,157,0.333333,1,0.075544,7,0.269153,0.291832,445.067003,0,0.000812,0.007221,0.007221
Young Stoner Life Records,Young Stoner Life Records,8,11,1,3,0.073541,7,0.254894,0.275484,0,0,0.00041,0.011197,0.011197
Alvaro Soler,Alvaro Soler,10,157,1,1,0.015115,8,0.178639,0.189302,0,0,0.000674,0.000262,0.000262
Flo Rida,Flo Rida,10,157,0.333333,1,0.020553,8,0.178687,0.190055,663,0,0.00106,0.000263,0.000263
DJ SpinKing,DJ SpinKing,11,124,0,0,0.017815,7,0.239538,0.252177,0,0,0.000264,0.002334,0.002334
DJ RD,DJ RD,57,117,0,0,0.005902,1,1,1,0,45,0.001135,0,0
MC MM,MC MM,57,117,0,0,0.005902,1,1,1,0,45,0.001135,0,0
Tee Grizzley,Tee Grizzley,11,56,0,0,0.016542,7,0.236889,0.249684,0,0,0.000273,0.001951,0.001951
Jesse,Jesse,12,115,1,1,0.038996,7,0.258466,0.27405,0,0,0.000332,0.006057,0.006057
Jay Rock,Jay Rock,12,131,1,3,0.066453,7,0.265919,0.284391,0,0,0.000472,0.010449,0.010449
Justin Jesso,Justin Jesso,3,66,0,0,0.01445,8,0.218421,0.23023,0,0,0.000485,0.000535,0.000535
Shakira,Shakira,2,10,0.166667,1,0.089395,7,0.246017,0.269528,230.219311,0,0.000637,0.026283,0.026283
Veysel,Veysel,1,29,0,0,0.012124,7,0.291667,0.346939,0,1,0.00034,0,0
DJ Yuri Martins,DJ Yuri Martins,3,47,1,6,0.056104,7,0.237567,0.255088,0,0,0.000958,0.0087,0.0087
Maejor,Maejor,3,47,1,6,0.056104,7,0.237567,0.255088,0,0,0.000958,0.0087,0.0087
CADE,CADE,41,118,1,1,0.018812,8,0.209927,0.221757,0,0,0.000853,0.00046,0.00046
Cheat Codes,Cheat Codes,41,118,0.066667,3,0.10305,7,0.265494,0.290702,5407.608117,0,0.002449,0.00691,0.00691
Maggie Lindemann,Maggie Lindemann,41,118,1,1,0.018812,8,0.209927,0.221757,0,0,0.000853,0.00046,0.00046
Marc Anthony,Marc Anthony,2,0,1,1,0.047915,7,0.24841,0.266652,0,0,0.000367,0.013808,0.013808
Will Smith,Will Smith,2,0,0.5,3,0.093751,7,0.254601,0.277119,54.637082,0,0.000608,0.028356,0.028356
Wolfine,Wolfine,2,53,0,0,0.02791,7,0.237993,0.253991,0,0,0.000249,0.007532,0.007532
Dalmata,Dalmata,10,10,0,0,0.01762,8,0.207047,0.221649,0,0,0.000381,0.003522,0.003522
Jay Electronica,Jay Electronica,17,24,1,1,0.031423,7,0.25161,0.265541,0,0,0.000431,0.00445,0.00445
Poo Bear,Poo Bear,17,24,0.333333,1,0.038185,7,0.251706,0.266294,35.213958,0,0.000628,0.004724,0.004724
Ashanti,Ashanti,17,43,1,1,0.039971,7,0.257065,0.272795,0,0,0.000458,0.005671,0.005671
Mack Maine,Mack Maine,17,43,1,1,0.039971,7,0.257065,0.272795,0,0,0.000458,0.005671,0.005671
BloodPop®,BloodPop®,17,157,0,0,0.033648,7,0.256173,0.270887,148.974791,0,0.000429,0.004284,0.004284
Afrojack,Afrojack,4,15,1,3,0.067768,6,0.274607,0.292696,0,0,0.000734,0.01028,0.01028
Jaden,Jaden,6,154,0,0,0.068468,7,0.268066,0.290716,86.398905,0,0.000361,0.008767,0.008767
Era Istrefi,Era Istrefi,2,0,1,1,0.049965,7,0.23331,0.253338,0,0,0.00036,0.016215,0.016215
Michelle Williams,Michelle Williams,58,119,1,1,0.016188,9,0.157011,0.16398,0,0,0.000524,0.000005,0.000005
Ziv Zaifman,Ziv Zaifman,58,119,1,1,0.016188,9,0.157011,0.16398,0,0,0.000524,0.000005,0.000005
"Royce Da 5'9""","Royce Da 5'9""",6,106,0,0,0.019772,8,0.235545,0.250066,0,0,0.000289,0.001747,0.001747
X Ambassadors,X Ambassadors,5,28,0.5,14,0.183842,6,0.303196,0.329367,657.444444,0,0.001191,0.022819,0.022819
Skylar Grey,Skylar Grey,14,106,0,0,0.030902,8,0.240406,0.257797,252.931311,0,0.000644,0.001918,0.001918
DJ A1,DJ A1,4,126,0,0,0.007546,8,0.197796,0.2054,0,0,0.000363,0.000226,0.000226
YBN Nahmir,YBN Nahmir,4,126,0.333333,1,0.036532,7,0.246474,0.261474,663,0,0.000679,0.003611,0.003611
FKA twigs,FKA twigs,4,49,0,0,0.020357,8,0.229678,0.243384,0,0,0.000282,0.002175,0.002175
Lil Yachty,Lil Yachty,14,126,0.111111,5,0.147124,7,0.278523,0.306028,1795.378257,0,0.001377,0.01545,0.01545
Vince Staples,Vince Staples,59,120,0,0,0.01291,2,0.666667,0.75,3,44,0.001196,0,0
Yugen Blakrok,Yugen Blakrok,59,120,0,0,0.006475,3,0.444444,0.541667,0,44,0.000679,0,0
Saudi,Saudi,17,55,1,1,0.039184,8,0.248224,0.264513,0,0,0.000349,0.006258,0.006258
Miguel,Miguel,17,66,0,0,0.064838,8,0.265494,0.286982,1061.594344,0,0.000792,0.009006,0.009006
KIDS SEE GHOSTS,KIDS SEE GHOSTS,6,118,0,0,0.05602,7,0.258668,0.277564,1401.38576,0,0.00113,0.006171,0.006171
Yasiin Bey,Yasiin Bey,6,118,0,0,0.008499,8,0.205573,0.214687,0,0,0.00041,0.000385,0.000385
MARINA,MARINA,41,114,1,1,0.024938,8,0.229678,0.24389,0,0,0.000352,0.003662,0.003662
Daniel Everidge,Daniel Everidge,58,119,1,6,0.035855,8,0.185994,0.19612,0,0,0.000661,0.000065,0.000065
B-Case,B-Case,10,12,1,6,0.046478,7,0.237822,0.253891,0,0,0.000622,0.005712,0.005712
Belinda,Belinda,10,12,1,6,0.046478,7,0.237822,0.253891,0,0,0.000622,0.005712,0.005712
Juan Magán,Juan Magán,12,12,0.428571,12,0.157123,6,0.296032,0.322339,1605.834834,0,0.001326,0.02922,0.02922
Snova,Snova,10,12,1,6,0.046478,7,0.237822,0.253891,0,0,0.000622,0.005712,0.005712
Frenna,Frenna,60,121,0,0,0.005902,1,1,1,0,46,0.001135,0,0
Lil Kleine,Lil Kleine,60,121,0,0,0.005902,1,1,1,0,46,0.001135,0,0
Arthur Hanlon,Arthur Hanlon,2,45,0,0,0.039835,7,0.245199,0.262833,0,0,0.000237,0.013525,0.013525
Fabolous,Fabolous,8,87,1,1,0.053114,7,0.260597,0.279913,0,0,0.000319,0.014998,0.014998
Zacari,Zacari,12,131,0,0,0.023529,8,0.232574,0.245871,663,0,0.000674,0.002116,0.002116
Gringo,Gringo,1,29,1,6,0.039964,6,0.368421,0.44619,0,1,0.000947,0,0
KitschKrieg,KitschKrieg,1,29,1,6,0.039964,6,0.368421,0.44619,0,1,0.000947,0,0
Trettmann,Trettmann,1,29,1,6,0.039964,6,0.368421,0.44619,0,1,0.000947,0,0
Louis The Child,Louis The Child,61,122,0,0,0.005902,1,1,1,0,47,0.001135,0,0
Wafia,Wafia,61,122,0,0,0.005902,1,1,1,0,47,0.001135,0,0
Nivea,Nivea,17,43,0,0,0.03267,7,0.256966,0.272042,0,0,0.000264,0.005317,0.005317
Missy Elliott,Missy Elliott,11,36,0,0,0.019703,8,0.235044,0.248424,0,0,0.000276,0.002301,0.002301
Capo Plaza,Capo Plaza,25,104,1,1,0.018753,8,0.212684,0.22353,0,0,0.000596,0.000599,0.000599
Jamie Scott,Jamie Scott,4,59,1,3,0.055295,6,0.26183,0.279719,0,0,0.000828,0.006377,0.006377
Romy Dya,Romy Dya,4,59,1,3,0.055295,6,0.26183,0.279719,0,0,0.000828,0.006377,0.006377
Pharrell Williams,Pharrell Williams,17,36,0.266667,12,0.240465,6,0.319846,0.348494,1119.219136,0,0.001827,0.044005,0.044005
Wiz Khalifa,Wiz Khalifa,6,28,0.355556,16,0.234151,7,0.29991,0.331053,916.72017,0,0.001299,0.032599,0.032599
Jeon,Jeon,3,47,1,1,0.080295,6,0.274267,0.295482,0,0,0.000345,0.019827,0.019827
Sosamann,Sosamann,17,43,0,0,0.03267,7,0.256966,0.272042,0,0,0.000264,0.005317,0.005317
Andrez Babii,Andrez Babii,14,123,1,3,0.035138,7,0.237737,0.252266,0,0,0.000631,0.00222,0.00222
Judah,Judah,14,123,1,3,0.035138,7,0.237737,0.252266,0,0,0.000631,0.00222,0.00222
Rio Santana,Rio Santana,14,123,1,3,0.035138,7,0.237737,0.252266,0,0,0.000631,0.00222,0.00222
Swizz Beatz,Swizz Beatz,17,43,0,0,0.03267,7,0.256966,0.272042,0,0,0.000264,0.005317,0.005317
(G)I-DLE,(G)I-DLE,41,4,1,6,0.039433,8,0.214817,0.227912,0,0,0.000678,0.001285,0.001285
Jaira Burns,Jaira Burns,41,4,1,6,0.039433,8,0.214817,0.227912,0,0,0.000678,0.001285,0.001285
K/DA,K/DA,41,4,1,6,0.039433,8,0.214817,0.227912,0,0,0.000678,0.001285,0.001285
William Singe,William Singe,5,66,0,0,0.012017,8,0.205828,0.215838,0,0,0.000609,0.000301,0.000301
Joey Bada$$,Joey Bada$$,14,123,0,0,0.020036,7,0.237567,0.25076,0,0,0.000273,0.001942,0.001942
Reginae Carter,Reginae Carter,17,43,0,0,0.03267,7,0.256966,0.272042,0,0,0.000264,0.005317,0.005317
Kesha,Kesha,14,37,0,0,0.017058,8,0.201579,0.212186,663,0,0.000727,0.000172,0.000172
anders,anders,30,64,0,0,0.006433,2,0.666667,0.75,0,17,0.000522,0,0
Leslie Grace,Leslie Grace,2,53,0,0,0.01137,8,0.194607,0.205649,0,0,0.000281,0.00136,0.00136
Arevi,Arevi,2,32,1,1,0.040166,7,0.216993,0.23172,0,0,0.000298,0.012512,0.012512
Rihanna,Rihanna,8,6,0.380952,8,0.171695,7,0.287073,0.312855,223.998333,0,0.001301,0.028899,0.028899
Billy Raffoul,Billy Raffoul,3,66,0,0,0.011785,8,0.199639,0.209113,0,0,0.000503,0.000163,0.000163
Daya,Daya,5,66,0,0,0.018556,7,0.226081,0.238748,0,0,0.000435,0.000851,0.000851
Capo,Capo,11,124,1,3,0.034407,7,0.241455,0.256042,0,0,0.00057,0.002939,0.002939
SCH,SCH,11,124,1,3,0.034407,7,0.241455,0.256042,0,0,0.00057,0.002939,0.002939
070 Shake,070 Shake,11,125,1,1,0.014013,9,0.195352,0.203979,0,0,0.000754,0.00018,0.00018
Diddy,Diddy,11,125,1,1,0.014013,9,0.195352,0.203979,0,0,0.000754,0.00018,0.00018
Nas,Nas,11,125,0.333333,1,0.03447,8,0.242601,0.258127,1324,0,0.00093,0.002709,0.002709
Young Sinatra,Young Sinatra,6,154,0,0,0.034486,8,0.236383,0.255579,0,0,0.000283,0.002978,0.002978
Nacho,Nacho,2,145,0.733333,11,0.146729,7,0.254504,0.27973,111.171946,0,0.000875,0.045665,0.045665
NSTASIA,NSTASIA,25,104,0,0,0.009696,9,0.175941,0.183535,0,0,0.000383,0.000039,0.000039
Yo Gotti,Yo Gotti,11,126,0.266667,4,0.130435,7,0.293157,0.317058,516.314692,0,0.000877,0.020072,0.020072
Desiigner,Desiigner,12,15,1,1,0.021551,8,0.226389,0.238423,0,0,0.000658,0.000972,0.000972
Sophia Somajo,Sophia Somajo,5,26,0,0,0.011539,8,0.202254,0.213561,0,0,0.000308,0.000907,0.000907
Alex Rose,Alex Rose,2,105,1,3,0.054375,8,0.221481,0.240204,0,0,0.000371,0.014723,0.014723
Nick Jonas,Nick Jonas,41,118,0,0,0.04879,7,0.269699,0.286661,308.496853,0,0.000492,0.007705,0.007705
Gente De Zona,Gente De Zona,62,137,0,0,0.011848,1,1,1,1,48,0.001657,0,0
Jesse & Joy,Jesse & Joy,62,137,0,0,0.006433,2,0.666667,0.75,0,48,0.001109,0,0
N.E.R.D,N.E.R.D,8,6,1,1,0.054662,7,0.263388,0.280877,0,0,0.00044,0.009908,0.009908
6LACK,6LACK,12,16,0.333333,2,0.106756,7,0.282313,0.305325,370.428009,0,0.0005,0.016044,0.016044
Babes Wodumo,Babes Wodumo,12,131,0,0,0.006808,9,0.188744,0.195855,0,0,0.000361,0.000132,0.000132
Lil Durk,Lil Durk,8,11,1,3,0.05435,8,0.241367,0.259221,0,0,0.000418,0.007095,0.007095
Dagny,Dagny,3,66,0,0,0.007655,9,0.175198,0.183305,0,0,0.000453,0.000037,0.000037
Seeb,Seeb,3,66,0,0,0.028968,8,0.212344,0.227612,1328,0,0.00133,0.000585,0.000585
Conor Maynard,Conor Maynard,41,118,0.333333,1,0.019724,9,0.173913,0.182629,663,0,0.001262,0.000029,0.000029
Kris Kross Amsterdam,Kris Kross Amsterdam,41,118,0.333333,1,0.02569,8,0.21026,0.223388,1983,0,0.001037,0.000435,0.000435
The Boy Next Door,The Boy Next Door,41,118,1,1,0.014287,9,0.173868,0.181876,0,0,0.000822,0.000029,0.000029
Digital Farm Animals,Digital Farm Animals,5,26,0.4,4,0.056957,6,0.263388,0.28007,898.886483,0,0.00137,0.004514,0.004514
Louis Tomlinson,Louis Tomlinson,5,26,0.333333,1,0.038151,6,0.25897,0.273343,333.61329,0,0.000719,0.003408,0.003408
Frank Ocean,Frank Ocean,17,49,0.333333,2,0.072111,7,0.257964,0.278392,1020.909946,0,0.001261,0.009979,0.009979
Joey Montana,Joey Montana,10,10,0,0,0.01762,8,0.207047,0.221649,0,0,0.000381,0.003522,0.003522
Duki,Duki,2,105,1,3,0.066692,7,0.249156,0.269037,0,0,0.00036,0.018958,0.018958
Juliander,Juliander,5,26,1,3,0.029486,7,0.228179,0.240584,0,0,0.000915,0.001441,0.001441
Noah Cyrus,Noah Cyrus,5,26,0.3,3,0.059426,7,0.260801,0.279195,1025.284343,0,0.001116,0.004032,0.004032
Banx & Ranx,Banx & Ranx,64,127,1,1,0.013528,3,0.571429,0.708333,0,49,0.001089,0,0
Ella Eyre,Ella Eyre,64,127,0.333333,1,0.019474,2,0.8,0.875,4,49,0.001608,0,0
Yxng Bane,Yxng Bane,64,127,1,1,0.013528,3,0.571429,0.708333,0,49,0.001089,0,0
Enrique Iglesias,Enrique Iglesias,2,12,0.5,3,0.092641,7,0.252952,0.275136,106.756766,0,0.00055,0.027955,0.027955
Snoop Dogg,Snoop Dogg,17,43,0,0,0.03267,7,0.256966,0.272042,0,0,0.000264,0.005317,0.005317
CNCO,CNCO,11,118,0,0,0.022918,7,0.230796,0.244155,41.387694,0,0.000651,0.003332,0.003332
Bobby Shmurda,Bobby Shmurda,11,124,0,0,0.017815,7,0.239538,0.252177,0,0,0.000264,0.002334,0.002334
Kid Cudi,Kid Cudi,4,49,1,3,0.03547,8,0.229837,0.24489,0,0,0.000612,0.002486,0.002486
T.I.,T.I.,4,49,1,3,0.03547,8,0.229837,0.24489,0,0,0.000612,0.002486,0.002486
Matt Ox,Matt Ox,14,123,0,0,0.020036,7,0.237567,0.25076,0,0,0.000273,0.001942,0.001942
Mozzy,Mozzy,63,129,1,1,0.012953,1,1,1,0,50,0.001135,0,0
REASON,REASON,63,129,1,1,0.012953,1,1,1,0,50,0.001135,0,0
Sjava,Sjava,63,129,1,1,0.012953,1,1,1,0,50,0.001135,0,0
GASHI,GASHI,4,124,1,1,0.048479,6,0.267526,0.28376,0,0,0.000339,0.009304,0.009304
MC Fioti,MC Fioti,12,12,1,6,0.118083,6,0.294587,0.317821,0,0,0.000844,0.025226,0.025226
Cappadonna,Cappadonna,6,154,1,45,0.161148,8,0.237567,0.263059,0,0,0.001202,0.006833,0.006833
GZA,GZA,6,154,1,45,0.161148,8,0.237567,0.263059,0,0,0.001202,0.006833,0.006833
Inspectah Deck,Inspectah Deck,6,154,1,45,0.161148,8,0.237567,0.263059,0,0,0.001202,0.006833,0.006833
Jackpot Scotty Wotty,Jackpot Scotty Wotty,6,154,1,45,0.161148,8,0.237567,0.263059,0,0,0.001202,0.006833,0.006833
Masta Killa,Masta Killa,6,154,1,45,0.161148,8,0.237567,0.263059,0,0,0.001202,0.006833,0.006833
Method Man,Method Man,6,154,1,45,0.161148,8,0.237567,0.263059,0,0,0.001202,0.006833,0.006833
RZA,RZA,6,154,1,45,0.161148,8,0.237567,0.263059,0,0,0.001202,0.006833,0.006833
Raekwon,Raekwon,6,154,1,45,0.161148,8,0.237567,0.263059,0,0,0.001202,0.006833,0.006833
U-God,U-God,6,154,1,45,0.161148,8,0.237567,0.263059,0,0,0.001202,0.006833,0.006833
Empress Of,Empress Of,12,16,0,0,0.029736,7,0.253823,0.269607,0,0,0.000263,0.003833,0.003833
Ryan Tedder,Ryan Tedder,6,154,0,0,0.034486,8,0.236383,0.255579,0,0,0.000283,0.002978,0.002978
Au/Ra,Au/Ra,5,26,1,1,0.018197,8,0.202316,0.214314,0,0,0.000535,0.000968,0.000968
Tomine Harket,Tomine Harket,5,26,1,1,0.018197,8,0.202316,0.214314,0,0,0.000535,0.000968,0.000968
London On Da Track,London On Da Track,4,49,1,3,0.076199,7,0.258668,0.278747,0,0,0.000428,0.012759,0.012759
Static Major,Static Major,8,6,1,1,0.07736,7,0.275748,0.295235,0,0,0.000348,0.014,0.014
Young Scooter,Young Scooter,12,84,1,1,0.05522,7,0.269371,0.288185,0,0,0.000344,0.008542,0.008542
Louis Prima,Louis Prima,6,118,0,0,0.008499,8,0.205573,0.214687,0,0,0.00041,0.000385,0.000385
Ina Wroldsen,Ina Wroldsen,41,4,0,0,0.010861,8,0.212276,0.221264,0,0,0.00027,0.000419,0.000419
Gryffin,Gryffin,5,157,0,0,0.006628,9,0.176361,0.182084,0,0,0.000374,0.000026,0.000026
Nicky Romero,Nicky Romero,3,66,0,0,0.011785,8,0.199639,0.209113,0,0,0.000337,0.000163,0.000163
Oh Wonder,Oh Wonder,11,56,1,1,0.058044,7,0.273814,0.29133,0,0,0.000513,0.010069,0.010069
Dewain Whitmore,Dewain Whitmore,4,59,1,1,0.022471,7,0.22952,0.242172,0,0,0.000499,0.00098,0.00098
Justin Mylo,Justin Mylo,4,59,1,1,0.022471,7,0.22952,0.242172,0,0,0.000499,0.00098,0.00098
Sean Ono Lennon,Sean Ono Lennon,28,27,1,1,0.019684,8,0.220525,0.232249,0,0,0.000375,0.000849,0.000849
Lil Dicky,Lil Dicky,17,68,0,0,0.024303,7,0.250945,0.264605,0,0,0.000261,0.004612,0.004612
Mac Miller,Mac Miller,17,66,0,0,0.008458,9,0.209861,0.220178,0,0,0.000305,0.000562,0.000562
Paloma Faith,Paloma Faith,64,127,0,0,0.006476,3,0.444444,0.541667,0,49,0.000683,0,0
Sigala,Sigala,64,127,0,0,0.012954,2,0.666667,0.75,3,49,0.001207,0,0
Abraham Mateo,Abraham Mateo,2,1,1,1,0.046263,7,0.238164,0.258032,0,0,0.000534,0.013643,0.013643
Christian Daniel,Christian Daniel,2,1,1,1,0.046263,7,0.238164,0.258032,0,0,0.000534,0.013643,0.013643
Pusha T,Pusha T,6,118,0.166667,1,0.047171,8,0.247761,0.265819,204.542593,0,0.000798,0.003608,0.003608
Ab-Soul,Ab-Soul,12,131,1,1,0.020279,8,0.217634,0.229299,0,0,0.000487,0.001626,0.001626
Alex Sensation,Alex Sensation,2,45,0,0,0.039835,7,0.245199,0.262833,0,0,0.000303,0.013525,0.013525
Charlie Charles,Charlie Charles,25,104,1,1,0.018753,8,0.212684,0.22353,0,0,0.000636,0.000599,0.000599
Ghali,Ghali,25,104,1,1,0.018753,8,0.212684,0.22353,0,0,0.000636,0.000599,0.000599
Carlos Vives,Carlos Vives,10,10,0,0,0.0271,8,0.212141,0.228545,5.962831,0,0.000577,0.005164,0.005164
Matheus & Kauan,Matheus & Kauan,3,47,0,0,0.026562,7,0.237312,0.252829,0,0,0.000271,0.00537,0.00537
Bomba Estéreo,Bomba Estéreo,2,54,0,0,0.017311,7,0.234629,0.247121,0,0,0.000265,0.004489,0.004489
Carnage,Carnage,11,56,0,0,0.016542,7,0.236889,0.249684,0,0,0.000273,0.001951,0.001951
Lorde,Lorde,12,16,1,3,0.081788,7,0.271686,0.291319,0,0,0.000893,0.013207,0.013207
MØ,MØ,28,24,0.4,4,0.104956,6,0.280405,0.301782,702.196373,0,0.000845,0.017378,0.017378
Jeremih,Jeremih,17,60,1,6,0.133147,7,0.278874,0.30284,0,0,0.00071,0.0239,0.0239
Fifth Harmony,Fifth Harmony,17,71,1,1,0.063528,7,0.267096,0.285621,0,0,0.000422,0.010615,0.010615
"Tyler, The Creator","Tyler, The Creator",17,49,0.133333,2,0.055177,8,0.233228,0.252019,2113.047608,0,0.001668,0.002884,0.002884
The Night Game,The Night Game,3,66,0,0,0.01445,8,0.218421,0.23023,0,0,0.000485,0.000535,0.000535
JP Cooper,JP Cooper,5,66,0,0,0.012017,8,0.205828,0.215838,0,0,0.000463,0.000301,0.000301
Giggs,Giggs,8,6,0,0,0.041572,7,0.261726,0.278066,0,0,0.00034,0.008103,0.008103
Shawn Hook,Shawn Hook,65,133,0,0,0.005902,1,1,1,0,51,0.001135,0,0
Vanessa Hudgens,Vanessa Hudgens,65,133,0,0,0.005902,1,1,1,0,51,0.001135,0,0
Marc E. Bassy,Marc E. Bassy,4,126,0,0,0.019086,7,0.23842,0.251187,0,0,0.000359,0.002343,0.002343
Steve Lacy,Steve Lacy,17,49,1,1,0.018201,8,0.207047,0.219202,0,0,0.0007,0.000803,0.000803
Nyla,Nyla,28,18,0.666667,4,0.075662,7,0.268608,0.288393,27.827977,0,0.000767,0.01036,0.01036
XYLØ,XYLØ,5,66,0,0,0.018556,7,0.226081,0.238748,0,0,0.000303,0.000851,0.000851
Dante Klein,Dante Klein,41,118,0,0,0.01213,8,0.209861,0.221004,0,0,0.00033,0.000432,0.000432
187 Strassenbande,187 Strassenbande,1,29,1,1,0.021776,7,0.29661,0.365986,0,1,0.0005,0,0
Alok,Alok,66,134,1,1,0.012953,1,1,1,0,52,0.001135,0,0
Bruno Martini,Bruno Martini,66,134,1,1,0.012953,1,1,1,0,52,0.001135,0,0
Zeeba,Zeeba,66,134,1,1,0.012953,1,1,1,0,52,0.001135,0,0
DRAM,DRAM,11,55,0.666667,4,0.071184,7,0.256569,0.277313,20.281136,0,0.000554,0.009317,0.009317
Cali Y El Dandee,Cali Y El Dandee,67,141,0,0,0.011848,1,1,1,1,53,0.001657,0,0
Maite Perroni,Maite Perroni,67,141,0,0,0.006433,2,0.666667,0.75,0,53,0.000874,0,0
Descemer Bueno,Descemer Bueno,2,12,1,1,0.026977,7,0.226312,0.241391,0,0,0.000378,0.006468,0.006468
Damian Lemar Hudson,Damian Lemar Hudson,6,154,0,0,0.034486,8,0.236383,0.255579,0,0,0.000283,0.002978,0.002978
Cedric Gervais,Cedric Gervais,4,59,1,1,0.038727,7,0.25509,0.27135,0,0,0.000462,0.005397,0.005397
Chris Willis,Chris Willis,4,59,1,1,0.038727,7,0.25509,0.27135,0,0,0.000462,0.005397,0.005397
Flume,Flume,68,151,0,0,0.011848,1,1,1,1,54,0.001657,0,0
Kai,Kai,68,151,0,0,0.006433,2,0.666667,0.75,0,54,0.000874,0,0
U2,U2,12,131,0,0,0.017597,8,0.232412,0.244867,0,0,0.000269,0.002108,0.002108
Cash Cash,Cash Cash,41,118,0,0,0.007035,10,0.148181,0.153347,0,0,0.000528,0.000002,0.000002
Charly Black,Charly Black,2,3,0,0,0.037017,7,0.246108,0.263924,0,0,0.000241,0.011175,0.011175
Hook N Sling,Hook N Sling,3,66,0,0,0.006526,10,0.167339,0.174281,0,0,0.000533,0.000014,0.000014
A-Trak,A-Trak,17,55,1,1,0.07531,7,0.270028,0.290014,0,0,0.000322,0.013229,0.013229
Jhené Aiko,Jhené Aiko,11,46,0.666667,4,0.089443,7,0.266026,0.287841,84.084867,0,0.000613,0.01205,0.01205
Felix Snow,Felix Snow,4,59,0,0,0.009314,8,0.204622,0.213732,0,0,0.000321,0.000557,0.000557
Kiiara,Kiiara,4,59,0.3,3,0.069608,7,0.257165,0.276294,856.570709,0,0.000888,0.008917,0.008917
Arrhult,Arrhult,69,136,0,0,0.005902,1,1,1,0,55,0.001135,0,0
Joakim Lundell,Joakim Lundell,69,136,0,0,0.005902,1,1,1,0,55,0.001135,0,0
Iggy Azalea,Iggy Azalea,3,47,0,0,0.026562,7,0.237312,0.252829,0,0,0.000271,0.00537,0.00537
Jennifer Lopez,Jennifer Lopez,62,137,0,0,0.006433,2,0.666667,0.75,0,48,0.000639,0,0
Popcaan,Popcaan,59,120,0,0,0.006985,3,0.5,0.583333,0,44,0.000619,0,0
Jillian Edwards,Jillian Edwards,70,138,0,0,0.005902,1,1,1,0,56,0.001135,0,0
Thomas Gold,Thomas Gold,70,138,0,0,0.005902,1,1,1,0,56,0.001135,0,0
BIA,BIA,17,36,1,3,0.078866,6,0.279697,0.299322,0,0,0.000462,0.018351,0.018351
Sky,Sky,17,36,1,3,0.078866,6,0.279697,0.299322,0,0,0.000462,0.018351,0.018351
Pitbull,Pitbull,2,145,0.4,4,0.104068,6,0.281714,0.30379,1064.190328,0,0.000697,0.022239,0.022239
Kash Doll,Kash Doll,17,60,1,1,0.049767,7,0.257764,0.274602,0,0,0.000322,0.008792,0.008792
Andrelli,Andrelli,71,139,0,0,0.005902,1,1,1,0,57,0.001135,0,0
Hearts & Colors,Hearts & Colors,71,139,0,0,0.005902,1,1,1,0,57,0.001135,0,0
Mura Masa,Mura Masa,4,49,0,0,0.020357,8,0.229678,0.243384,0,0,0.000282,0.002175,0.002175
Alicia Keys,Alicia Keys,6,106,0,0,0.019772,8,0.235545,0.250066,0,0,0.000289,0.001747,0.001747
Bipolar Sunshine,Bipolar Sunshine,4,5,0,0,0.025196,7,0.249062,0.26302,0,0,0.00025,0.005526,0.005526
ROZES,ROZES,5,66,0,0,0.018556,7,0.226081,0.238748,0,0,0.000303,0.000851,0.000851
Clara Mae,Clara Mae,72,140,0,0,0.005902,1,1,1,0,58,0.001135,0,0
KREAM,KREAM,72,140,0,0,0.005902,1,1,1,0,58,0.001135,0,0
The Dap-Kings Horns,The Dap-Kings Horns,14,37,0,0,0.006625,9,0.167804,0.173828,0,0,0.000376,0.000011,0.000011
Francesco Yates,Francesco Yates,41,118,0,0,0.009664,8,0.204938,0.21466,0,0,0.000407,0.000377,0.000377
Shaggy,Shaggy,67,141,0,0,0.006433,2,0.666667,0.75,0,53,0.000874,0,0
Jasmine Thompson,Jasmine Thompson,73,150,1,1,0.013506,2,0.75,0.833333,0,59,0.001117,0,0
Skizzy Mars,Skizzy Mars,73,150,1,1,0.013506,2,0.75,0.833333,0,59,0.001117,0,0
Vice,Vice,73,150,0.333333,1,0.018943,1,1,1,2,59,0.001665,0,0
Quintino,Quintino,20,35,0,0,0.006433,2,0.666667,0.75,0,9,0.000874,0,0
Pink,Pink,6,106,0,0,0.019772,8,0.235545,0.250066,0,0,0.000289,0.001747,0.001747
Axwell /\ Ingrosso,Axwell /\ Ingrosso,74,142,0,0,0.005902,1,1,1,0,60,0.001135,0,0
Kid Ink,Kid Ink,74,142,0,0,0.005902,1,1,1,0,60,0.001135,0,0
Ansel Elgort,Ansel Elgort,6,154,0,0,0.034486,8,0.236383,0.255579,0,0,0.000283,0.002978,0.002978
Zay Hilfigerrr,Zay Hilfigerrr,75,143,0,0,0.005902,1,1,1,0,61,0.001135,0,0
Zayion McCall,Zayion McCall,75,143,0,0,0.005902,1,1,1,0,61,0.001135,0,0
J. Davi$,J. Davi$,76,144,1,1,0.012953,1,1,1,0,62,0.001135,0,0
Rob $tone,Rob $tone,76,144,1,1,0.012953,1,1,1,0,62,0.001135,0,0
Spooks,Spooks,76,144,1,1,0.012953,1,1,1,0,62,0.001135,0,0
El Chacal,El Chacal,2,145,1,3,0.031066,7,0.225467,0.239182,0,0,0.000514,0.004438,0.004438
IAmChino,IAmChino,2,145,1,3,0.031066,7,0.225467,0.239182,0,0,0.000514,0.004438,0.004438
Linkin Park,Linkin Park,6,118,0.166667,1,0.040678,7,0.239107,0.256135,136.688139,0,0.000705,0.002907,0.002907
Starrah,Starrah,17,60,1,1,0.035712,7,0.245744,0.261625,0,0,0.000444,0.005171,0.005171
The Flint Chozen Choir,The Flint Chozen Choir,17,60,1,1,0.035712,7,0.245744,0.261625,0,0,0.000444,0.005171,0.005171
Louane,Louane,5,66,0,0,0.018556,7,0.226081,0.238748,0,0,0.000303,0.000851,0.000851
Dyo,Dyo,77,146,0,0,0.005902,1,1,1,0,63,0.001135,0,0
NEIKED,NEIKED,77,146,0,0,0.005902,1,1,1,0,63,0.001135,0,0
Snakehips,Snakehips,28,24,0,0,0.010371,7,0.21907,0.228779,0,0,0.00029,0.001085,0.001085
Olivia O'Brien,Olivia O'Brien,78,147,0,0,0.005902,1,1,1,0,64,0.001135,0,0
gnash,gnash,78,147,0,0,0.005902,1,1,1,0,64,0.001135,0,0
Mark Morrison,Mark Morrison,11,118,1,1,0.016339,8,0.207955,0.218522,0,0,0.000546,0.000368,0.000368
Nevada,Nevada,11,118,1,1,0.016339,8,0.207955,0.218522,0,0,0.000546,0.000368,0.000368
CMC$,CMC$,79,148,1,1,0.012953,1,1,1,0,65,0.001135,0,0
DVBBS,DVBBS,79,148,1,1,0.012953,1,1,1,0,65,0.001135,0,0
Gia Koka,Gia Koka,79,148,1,1,0.012953,1,1,1,0,65,0.001135,0,0
Takeoff,Takeoff,17,58,1,3,0.084054,7,0.266774,0.286578,0,0,0.000376,0.015532,0.015532
Ryan Riback,Ryan Riback,80,149,0,0,0.005902,1,1,1,0,66,0.001135,0,0
Starley,Starley,80,149,0,0,0.005902,1,1,1,0,66,0.001135,0,0
Jon Bellion,Jon Bellion,73,150,0,0,0.007008,2,0.6,0.666667,0,59,0.000642,0,0
Tove Lo,Tove Lo,68,151,0,0,0.006433,2,0.666667,0.75,0,54,0.000874,0,0
Sampha,Sampha,8,6,0,0,0.041572,7,0.261726,0.278066,0,0,0.000255,0.008103,0.008103
Stanaj,Stanaj,81,82,0,0,0.00821,3,0.466667,0.52381,0,26,0.000478,0,0
Black Coffee,Black Coffee,6,6,1,1,0.049746,7,0.262036,0.279195,0,0,0.0004,0.008663,0.008663
Alex Aiono,Alex Aiono,81,82,1,1,0.0148,3,0.5,0.595238,0,26,0.000829,0,0
Hight,Hight,81,82,1,1,0.0148,3,0.5,0.595238,0,26,0.000829,0,0
Burak Yeter,Burak Yeter,82,152,0,0,0.005902,1,1,1,0,67,0.001135,0,0
Danelle Sandoval,Danelle Sandoval,82,152,0,0,0.005902,1,1,1,0,67,0.001135,0,0
Phresher,Phresher,6,106,0,0,0.019772,8,0.235545,0.250066,0,0,0.000289,0.001747,0.001747
Stargate,Stargate,28,106,1,1,0.020727,7,0.230876,0.243198,0,0,0.000382,0.001121,0.001121
Killer Mike,Killer Mike,6,154,0,0,0.034486,8,0.236383,0.255579,0,0,0.000283,0.002978,0.002978
Matoma,Matoma,83,153,0,0,0.005902,1,1,1,0,68,0.001135,0,0
The Vamps,The Vamps,83,153,0,0,0.005902,1,1,1,0,68,0.001135,0,0
Lauren Alaina,Lauren Alaina,4,37,0,0,0.006818,9,0.187889,0.195561,0,0,0.00045,0.000092,0.000092
FRENSHIP,FRENSHIP,5,66,0,0,0.006892,8,0.184547,0.191701,0,0,0.000328,0.000053,0.000053
Mike Posner,Mike Posner,3,66,0,0,0.007655,9,0.175198,0.183305,0,0,0.000453,0.000037,0.000037
Anna of the North,Anna of the North,17,49,1,1,0.015783,9,0.189228,0.199101,0,0,0.00057,0.000192,0.000192
Rex Orange County,Rex Orange County,17,49,1,1,0.015783,9,0.189228,0.199101,0,0,0.00057,0.000192,0.000192
Thomas Rhett,Thomas Rhett,5,157,0,0,0.00723,9,0.176455,0.182461,0,0,0.00031,0.000028,0.000028
Chino & Nacho,Chino & Nacho,2,3,0,0,0.037017,7,0.246108,0.263924,0,0,0.000241,0.011175,0.011175
Ricky Martin,Ricky Martin,2,53,0,0,0.02791,7,0.237993,0.253991,0,0,0.000249,0.007532,0.007532
Knox Fortune,Knox Fortune,17,51,0,0,0.019267,7,0.239366,0.251528,0,0,0.000255,0.002713,0.002713
CVBZ,CVBZ,41,118,1,1,0.021881,7,0.221925,0.235191,0,0,0.000474,0.000776,0.000776
Kali Uchis,Kali Uchis,17,49,0,0,0.009206,9,0.189174,0.198348,0,0,0.000328,0.00018,0.00018
Pabllo Vittar,Pabllo Vittar,3,47,1,1,0.055172,7,0.267958,0.285557,0,0,0.000363,0.010378,0.010378
Phoebe Ryan,Phoebe Ryan,5,66,0,0,0.018556,7,0.226081,0.238748,0,0,0.000303,0.000851,0.000851
Bright Sparks,Bright Sparks,17,2,0,0,0.010041,8,0.212548,0.221585,0,0,0.00029,0.000572,0.000572
Big Lenbo,Big Lenbo,6,154,1,6,0.060629,8,0.236636,0.257838,0,0,0.000782,0.003664,0.003664
Black Thought,Black Thought,6,154,1,6,0.060629,8,0.236636,0.257838,0,0,0.000782,0.003664,0.003664
Chuck D,Chuck D,6,154,1,6,0.060629,8,0.236636,0.257838,0,0,0.000782,0.003664,0.003664
No I.D,No I.D,6,154,1,6,0.060629,8,0.236636,0.257838,0,0,0.000782,0.003664,0.003664
Stevie Nicks,Stevie Nicks,4,49,0,0,0.010197,9,0.202624,0.213634,0,0,0.000279,0.000511,0.000511
Lauren Jauregui,Lauren Jauregui,12,15,0,0,0.007842,8,0.187465,0.194476,0,0,0.000302,0.000074,0.000074
Fuse ODG,Fuse ODG,28,18,1,1,0.037743,7,0.256173,0.271023,0,0,0.000393,0.005655,0.005655
Skip Marley,Skip Marley,17,3,0,0,0.014735,7,0.235294,0.246737,0,0,0.000262,0.002326,0.002326
Nause,Nause,84,155,0,0,0.005902,1,1,1,0,69,0.001135,0,0
Pretty Sister,Pretty Sister,84,155,0,0,0.005902,1,1,1,0,69,0.001135,0,0
Kranium,Kranium,28,18,1,3,0.068971,7,0.2685,0.28764,0,0,0.000497,0.010027,0.010027
Dakota,Dakota,5,66,0,0,0.012017,8,0.205828,0.215838,0,0,0.000317,0.000301,0.000301
Cookin' On 3 Burners,Cookin' On 3 Burners,85,156,0,0,0.005902,1,1,1,0,70,0.001135,0,0
Kungs,Kungs,85,156,0,0,0.005902,1,1,1,0,70,0.001135,0,0
James Blunt,James Blunt,41,118,0,0,0.009664,8,0.204938,0.21466,0,0,0.000407,0.000377,0.000377
99 Percent,99 Percent,10,157,0,0,0.007062,9,0.151633,0.158269,0,0,0.000471,0.000016,0.000016
Gavin James,Gavin James,5,26,0,0,0.011539,8,0.202254,0.213561,0,0,0.000308,0.000907,0.000907
Bahari,Bahari,5,157,0,0,0.00788,8,0.179995,0.186616,0,0,0.000294,0.000036,0.000036
Mike Perry,Mike Perry,86,158,0,0,0.005902,1,1,1,0,71,0.001135,0,0
SHY Martin,SHY Martin,86,158,0,0,0.005902,1,1,1,0,71,0.001135,0,0
Trey Songz,Trey Songz,11,46,1,3,0.071844,7,0.261006,0.279973,0,0,0.000476,0.011248,0.011248
Andrea Bocelli,Andrea Bocelli,6,101,0,0,0.031228,7,0.253532,0.269306,0,0,0.000274,0.004373,0.004373
Maty Noyes,Maty Noyes,3,66,0,0,0.01445,8,0.218421,0.23023,0,0,0.000327,0.000535,0.000535
Max B,Max B,12,124,1,1,0.042954,7,0.261109,0.276897,0,0,0.000345,0.006485,0.006485
Emma Stone,Emma Stone,87,159,0,0,0.005902,1,1,1,0,72,0.001135,0,0
Ryan Gosling,Ryan Gosling,87,159,0,0,0.005902,1,1,1,0,72,0.001135,0,0
Don Omar,Don Omar,2,12,0,0,0.017391,7,0.224476,0.238253,0,0,0.000261,0.004722,0.004722
AlunaGeorge,AlunaGeorge,3,66,0,0,0.011785,8,0.199639,0.209113,0,0,0.000337,0.000163,0.000163
Trap Capos,Trap Capos,2,53,1,6,0.061866,7,0.239884,0.259212,0,0,0.000555,0.012671,0.012671
